Title,Auction Name,Lot,Auction type,Center,Make,Model,Variant,Doors,Reg,Start Time,Start Date,D.O.R,Fuel Type,Body Type,Former Keepers,Transmission,Colour,MOT Expiry Date,Year,Keys,VAT Status,V5,CAP Clean,CAP Average,CAP Below,CC,Mileage,Mileage Warranted,Images
JAGUAR X-TYPE,General Car,"
                            44",Online Auction,Leominster,JAGUAR,X-TYPE,2.2d SE [Euro 4],4,AF06MYX,18:00,11/12/2025,01/03/2006,Diesel,Saloon,3,MANUAL,GOLD,27/05/2026,2006,2,Margin,To Follow,,,,,124803,Yes,"https://leominster-buckets-s3-public.s3.eu-west-1.amazonaws.com/motorvehicle/2971/images/1764766261_Qp7xN7.jpg,https://leominster-buckets-s3-public.s3.eu-west-1.amazonaws.com/motorvehicle/2971/images/1764766271_2RfurT.jpg,https://leominster-buckets-s3-public.s3.eu-west-1.amazonaws.com/motorvehicle/2971/images/1764766279_IlEs6J.jpg,https://leominster-buckets-s3-public.s3.eu-west-1.amazonaws.com/motorvehicle/2971/images/1764766290_hGnubv.jpg,https://leominster-buckets-s3-public.s3.eu-west-1.amazonaws.com/motorvehicle/2971/images/1764766298_xML3Tf.jpg,https://leominster-buckets-s3-public.s3.eu-west-1.amazonaws.com/motorvehicle/2971/images/1764766307_Ui65ny.jpg,https://leominster-buckets-s3-public.s3.eu-west-1.amazonaws.com/motorvehicle/2971/images/1764766316_ZHty4g.jpg,https://leominster-buckets-s3-public.s3.eu-west-1.amazonaws.com/motorvehicle/2971/images/1764766325_6GlMQ9.jpg,https://leominster-buckets-s3-public.s3.eu-west-1.amazonaws.com/motorvehicle/2971/images/1764766332_aBha4t.jpg,https://leominster-buckets-s3-public.s3.eu-west-1.amazonaws.com/motorvehicle/2971/images/1764766347_K0OtVp.jpg,https://leominster-buckets-s3-public.s3.eu-west-1.amazonaws.com/motorvehicle/2971/images/1764766366_zBrpCg.jpg,https://leominster-buckets-s3-public.s3.eu-west-1.amazonaws.com/motorvehicle/2971/images/1764766375_UYZBaO.jpg,https://leominster-buckets-s3-public.s3.eu-west-1.amazonaws.com/motorvehicle/2971/images/1764766382_dmKnoQ.jpg"
PEUGEOT 208,General Car,"
                            49",Online Auction,Leominster,PEUGEOT,208,PureTech 110 GT Line,5,AJ15OCY,18:00,11/12/2025,10/06/2015,Petrol,Hatchback,,MANUAL,WHITE,05/01/2026,2015,,Margin,Here,"£2,525.00","£2,100.00","£1,650.00",1.2,82802,No,"https://leominster-buckets-s3-public.s3.eu-west-1.amazonaws.com/motorvehicle/2900/images/1764253729_a7qezf.jpg,https://leominster-buckets-s3-public.s3.eu-west-1.amazonaws.com/motorvehicle/2900/images/1764253733_MWM0NY.jpg,https://leominster-buckets-s3-public.s3.eu-west-1.amazonaws.com/motorvehicle/2900/images/1764253738_5uU6Ti.jpg,https://leominster-buckets-s3-public.s3.eu-west-1.amazonaws.com/motorvehicle/2900/images/1764253746_Hjg6Ck.jpg,https://leominster-buckets-s3-public.s3.eu-west-1.amazonaws.com/motorvehicle/2900/images/1764253752_uJddfl.jpg,https://leominster-buckets-s3-public.s3.eu-west-1.amazonaws.com/motorvehicle/2900/images/1764253756_kJMoRN.jpg,https://leominster-buckets-s3-public.s3.eu-west-1.amazonaws.com/motorvehicle/2900/images/1764253760_KdZp7q.jpg,https://leominster-buckets-s3-public.s3.eu-west-1.amazonaws.com/motorvehicle/2900/images/1764253768_TQCJxx.jpg,https://leominster-buckets-s3-public.s3.eu-west-1.amazonaws.com/motorvehicle/2900/images/1764253777_s5YfvY.jpg,https://leominster-buckets-s3-public.s3.eu-west-1.amazonaws.com/motorvehicle/2900/images/1764253785_mpmYLG.jpg,https://leominster-buckets-s3-public.s3.eu-west-1.amazonaws.com/motorvehicle/2900/images/1764253790_U6ytCp.jpg,https://leominster-buckets-s3-public.s3.eu-west-1.amazonaws.com/motorvehicle/2900/images/1764253796_0uJp9S.jpg,https://leominster-buckets-s3-public.s3.eu-west-1.amazonaws.com/motorvehicle/2900/images/1764253806_zXj0Gq.jpg"
LAND ROVER RANGE ROVER SPORT,General Car,"
                            50",Online Auction,Leominster,LAND,ROVER RANGE ROVER SPORT,TDV8 HSE Auto,5,AK10LLV,18:00,11/12/2025,23/03/2010,Diesel,Estate,,AUTOMATIC,GREEN,19/11/2026,2010,1,Margin,Here,"£2,200.00","£1,775.00","£1,350.00",3.6,119843,No,"https://leominster-buckets-s3-public.s3.eu-west-1.amazonaws.com/motorvehicle/2910/images/1764670194_72EC64.jpg,https://leominster-buckets-s3-public.s3.eu-west-1.amazonaws.com/motorvehicle/2910/images/1764670199_dxUXb1.jpg,https://leominster-buckets-s3-public.s3.eu-west-1.amazonaws.com/motorvehicle/2910/images/1764670204_3avgFt.jpg,https://leominster-buckets-s3-public.s3.eu-west-1.amazonaws.com/motorvehicle/2910/images/1764670213_Q9Cc6R.jpg,https://leominster-buckets-s3-public.s3.eu-west-1.amazonaws.com/motorvehicle/2910/images/1764670218_gxYBu2.jpg,https://leominster-buckets-s3-public.s3.eu-west-1.amazonaws.com/motorvehicle/2910/images/1764670223_vqNzil.jpg,https://leominster-buckets-s3-public.s3.eu-west-1.amazonaws.com/motorvehicle/2910/images/1764670228_eJfWxj.jpg,https://leominster-buckets-s3-public.s3.eu-west-1.amazonaws.com/motorvehicle/2910/images/1764670234_sWGIbb.jpg,https://leominster-buckets-s3-public.s3.eu-west-1.amazonaws.com/motorvehicle/2910/images/1764670242_jyIZed.jpg,https://leominster-buckets-s3-public.s3.eu-west-1.amazonaws.com/motorvehicle/2910/images/1764670250_UmW8CT.jpg,https://leominster-buckets-s3-public.s3.eu-west-1.amazonaws.com/motorvehicle/2910/images/1764670255_4D2jD4.jpg,https://leominster-buckets-s3-public.s3.eu-west-1.amazonaws.com/motorvehicle/2910/images/1764670265_e4zLhP.jpg,https://leominster-buckets-s3-public.s3.eu-west-1.amazonaws.com/motorvehicle/2910/images/1764670282_vSRTnu.jpg"
VOLKSWAGEN FOX,General Car,"
                            8",Online Auction,Leominster,VOLKSWAGEN,FOX,60 Urban Fox,3,BW11OMF,18:00,11/12/2025,16/08/2011,Petrol,Hatchback,2,MANUAL,RED,16/08/2026,2011,1,Margin,Here,£290.00,£150.00,£150.00,1.2,147638,Yes,"https://leominster-buckets-s3-public.s3.eu-west-1.amazonaws.com/motorvehicle/3028/images/1765190090_pI6tBf.jpg,https://leominster-buckets-s3-public.s3.eu-west-1.amazonaws.com/motorvehicle/3028/images/1765190097_HNAfFF.jpg,https://leominster-buckets-s3-public.s3.eu-west-1.amazonaws.com/motorvehicle/3028/images/1765190105_N5aZKu.jpg,https://leominster-buckets-s3-public.s3.eu-west-1.amazonaws.com/motorvehicle/3028/images/1765190118_6Lok5B.jpg,https://leominster-buckets-s3-public.s3.eu-west-1.amazonaws.com/motorvehicle/3028/images/1765190126_6DTd2J.jpg,https://leominster-buckets-s3-public.s3.eu-west-1.amazonaws.com/motorvehicle/3028/images/1765190134_fye8gD.jpg,https://leominster-buckets-s3-public.s3.eu-west-1.amazonaws.com/motorvehicle/3028/images/1765190140_QFasLC.jpg,https://leominster-buckets-s3-public.s3.eu-west-1.amazonaws.com/motorvehicle/3028/images/1765190149_c2q9Fn.jpg,https://leominster-buckets-s3-public.s3.eu-west-1.amazonaws.com/motorvehicle/3028/images/1765190158_VCqn5J.jpg,https://leominster-buckets-s3-public.s3.eu-west-1.amazonaws.com/motorvehicle/3028/images/1765190172_pWRXu0.jpg,https://leominster-buckets-s3-public.s3.eu-west-1.amazonaws.com/motorvehicle/3028/images/1765190190_wPM43y.jpg,https://leominster-buckets-s3-public.s3.eu-west-1.amazonaws.com/motorvehicle/3028/images/1765190215_O03KX9.jpg"
SKODA YETI,General Car,"
                            48",Online Auction,Leominster,SKODA,YETI,TDI CR Elegance,5,CE12KYC,18:00,11/12/2025,01/03/2012,Diesel,Hatchback,4,MANUAL,BLACK,05/02/2026,2012,2,Margin,Here,"£2,025.00","£1,600.00","£1,200.00",2.0,157121,Yes,"https://leominster-buckets-s3-public.s3.eu-west-1.amazonaws.com/motorvehicle/2919/images/1764604924_iT7S1N.jpg,https://leominster-buckets-s3-public.s3.eu-west-1.amazonaws.com/motorvehicle/2919/images/1764604931_BxLRD6.jpg,https://leominster-buckets-s3-public.s3.eu-west-1.amazonaws.com/motorvehicle/2919/images/1764604939_Ck4qU3.jpg,https://leominster-buckets-s3-public.s3.eu-west-1.amazonaws.com/motorvehicle/2919/images/1764604951_5F7JFZ.jpg,https://leominster-buckets-s3-public.s3.eu-west-1.amazonaws.com/motorvehicle/2919/images/1764604974_kk9sqV.jpg,https://leominster-buckets-s3-public.s3.eu-west-1.amazonaws.com/motorvehicle/2919/images/1764605073_FS6RBg.jpg,https://leominster-buckets-s3-public.s3.eu-west-1.amazonaws.com/motorvehicle/2919/images/1764605081_m6uS8r.jpg,https://leominster-buckets-s3-public.s3.eu-west-1.amazonaws.com/motorvehicle/2919/images/1764605091_D37M4A.jpg,https://leominster-buckets-s3-public.s3.eu-west-1.amazonaws.com/motorvehicle/2919/images/1764605100_k2gEmr.jpg,https://leominster-buckets-s3-public.s3.eu-west-1.amazonaws.com/motorvehicle/2919/images/1764605113_TBjrzF.jpg,https://leominster-buckets-s3-public.s3.eu-west-1.amazonaws.com/motorvehicle/2919/images/1764605128_SYcqrC.jpg,https://leominster-buckets-s3-public.s3.eu-west-1.amazonaws.com/motorvehicle/2919/images/1764605139_Jv3Igp.jpg,https://leominster-buckets-s3-public.s3.eu-west-1.amazonaws.com/motorvehicle/2919/images/1764605149_qN5MoR.jpg"
FORD FIESTA,General Car,"
                            53",Online Auction,Leominster,FORD,FIESTA,EcoBoost Zetec S Red,3,CN15XCU,18:00,11/12/2025,30/03/2015,Petrol,Hatchback,1,MANUAL,RED,07/05/2026,2015,1,Margin,Here,"£2,000.00","£1,550.00","£1,150.00",1.0,102188,No,"https://leominster-buckets-s3-public.s3.eu-west-1.amazonaws.com/motorvehicle/2896/images/1764244704_F8IWB4.jpg,https://leominster-buckets-s3-public.s3.eu-west-1.amazonaws.com/motorvehicle/2896/images/1764244712_mLpYga.jpg,https://leominster-buckets-s3-public.s3.eu-west-1.amazonaws.com/motorvehicle/2896/images/1764244720_0h0HSR.jpg,https://leominster-buckets-s3-public.s3.eu-west-1.amazonaws.com/motorvehicle/2896/images/1764244730_tbVYOp.jpg,https://leominster-buckets-s3-public.s3.eu-west-1.amazonaws.com/motorvehicle/2896/images/1764244736_W4zpbn.jpg,https://leominster-buckets-s3-public.s3.eu-west-1.amazonaws.com/motorvehicle/2896/images/1764244744_bCqysn.jpg,https://leominster-buckets-s3-public.s3.eu-west-1.amazonaws.com/motorvehicle/2896/images/1764244752_nvO8V6.jpg,https://leominster-buckets-s3-public.s3.eu-west-1.amazonaws.com/motorvehicle/2896/images/1764244761_HR0P0c.jpg,https://leominster-buckets-s3-public.s3.eu-west-1.amazonaws.com/motorvehicle/2896/images/1764244770_cowBCm.jpg,https://leominster-buckets-s3-public.s3.eu-west-1.amazonaws.com/motorvehicle/2896/images/1764244784_ukcY1S.jpg,https://leominster-buckets-s3-public.s3.eu-west-1.amazonaws.com/motorvehicle/2896/images/1764244798_4bLa85.jpg,https://leominster-buckets-s3-public.s3.eu-west-1.amazonaws.com/motorvehicle/2896/images/1764244805_rtvWrN.jpg,https://leominster-buckets-s3-public.s3.eu-west-1.amazonaws.com/motorvehicle/2896/images/1764244812_xXiXti.jpg"
FORD FIESTA,General Car,"
                            5",Online Auction,Leominster,FORD,FIESTA,TDCi Titanium,5,CP59NEY,18:00,11/12/2025,25/01/2010,Diesel,Hatchback,,MANUAL,SILVER,02/05/2026,2010,1,Margin,Here,£620.00,£220.00,£150.00,1.4,134163,No,"https://leominster-buckets-s3-public.s3.eu-west-1.amazonaws.com/motorvehicle/2915/images/1764587510_ICCDgd.jpg,https://leominster-buckets-s3-public.s3.eu-west-1.amazonaws.com/motorvehicle/2915/images/1764587517_r4FiDS.jpg,https://leominster-buckets-s3-public.s3.eu-west-1.amazonaws.com/motorvehicle/2915/images/1764587525_2wRfVf.jpg,https://leominster-buckets-s3-public.s3.eu-west-1.amazonaws.com/motorvehicle/2915/images/1764587538_FwlaHx.jpg,https://leominster-buckets-s3-public.s3.eu-west-1.amazonaws.com/motorvehicle/2915/images/1764587547_qTmoCK.jpg,https://leominster-buckets-s3-public.s3.eu-west-1.amazonaws.com/motorvehicle/2915/images/1764587555_IXbyke.jpg,https://leominster-buckets-s3-public.s3.eu-west-1.amazonaws.com/motorvehicle/2915/images/1764587561_qjXSBP.jpg,https://leominster-buckets-s3-public.s3.eu-west-1.amazonaws.com/motorvehicle/2915/images/1764587571_boIrGp.jpg,https://leominster-buckets-s3-public.s3.eu-west-1.amazonaws.com/motorvehicle/2915/images/1764587579_f727UK.jpg,https://leominster-buckets-s3-public.s3.eu-west-1.amazonaws.com/motorvehicle/2915/images/1764587591_vVzp2l.jpg,https://leominster-buckets-s3-public.s3.eu-west-1.amazonaws.com/motorvehicle/2915/images/1764587609_OsFWef.jpg,https://leominster-buckets-s3-public.s3.eu-west-1.amazonaws.com/motorvehicle/2915/images/1764587615_knlpMX.jpg,https://leominster-buckets-s3-public.s3.eu-west-1.amazonaws.com/motorvehicle/2915/images/1764587621_QIBXa5.jpg"
TOYOTA RECTUS,General Car,"
                            43",Online Auction,Leominster,TOYOTA,RECTUS,,,CX58MXT,18:00,11/12/2025,01/06/2022,Petrol,Hatchback,,AUTOMATIC,MAROON,01/04/2026,2022,,Margin,Here,,,,,149767,No,"https://leominster-buckets-s3-public.s3.eu-west-1.amazonaws.com/motorvehicle/2906/images/1764671370_5zGXya.jpg,https://leominster-buckets-s3-public.s3.eu-west-1.amazonaws.com/motorvehicle/2906/images/1764671375_seXBSK.jpg,https://leominster-buckets-s3-public.s3.eu-west-1.amazonaws.com/motorvehicle/2906/images/1764671379_IxdfAG.jpg,https://leominster-buckets-s3-public.s3.eu-west-1.amazonaws.com/motorvehicle/2906/images/1764671387_9SxlZA.jpg,https://leominster-buckets-s3-public.s3.eu-west-1.amazonaws.com/motorvehicle/2906/images/1764671391_mMttzW.jpg,https://leominster-buckets-s3-public.s3.eu-west-1.amazonaws.com/motorvehicle/2906/images/1764671396_x3V2hv.jpg,https://leominster-buckets-s3-public.s3.eu-west-1.amazonaws.com/motorvehicle/2906/images/1764671400_qImmLu.jpg,https://leominster-buckets-s3-public.s3.eu-west-1.amazonaws.com/motorvehicle/2906/images/1764671416_vyIO1h.jpg,https://leominster-buckets-s3-public.s3.eu-west-1.amazonaws.com/motorvehicle/2906/images/1764671423_PeZjou.jpg,https://leominster-buckets-s3-public.s3.eu-west-1.amazonaws.com/motorvehicle/2906/images/1764671430_cuhqAZ.jpg,https://leominster-buckets-s3-public.s3.eu-west-1.amazonaws.com/motorvehicle/2906/images/1764671439_jhGgOa.jpg"
RENAULT CLIO,General Car,"
                            6",Online Auction,Leominster,RENAULT,CLIO,TCE Dynamique TomTom,5,DA62JPF,18:00,11/12/2025,30/01/2013,Petrol,Hatchback,3,MANUAL,GREY,03/11/2026,2013,,Margin,Here,£590.00,£190.00,£150.00,1.2,108905,Yes,"https://leominster-buckets-s3-public.s3.eu-west-1.amazonaws.com/motorvehicle/2907/images/1764593708_aisDR3.jpg,https://leominster-buckets-s3-public.s3.eu-west-1.amazonaws.com/motorvehicle/2907/images/1764593715_91I4LI.jpg,https://leominster-buckets-s3-public.s3.eu-west-1.amazonaws.com/motorvehicle/2907/images/1764593722_txCoQi.jpg,https://leominster-buckets-s3-public.s3.eu-west-1.amazonaws.com/motorvehicle/2907/images/1764593732_EfQanq.jpg,https://leominster-buckets-s3-public.s3.eu-west-1.amazonaws.com/motorvehicle/2907/images/1764593739_HS51dB.jpg,https://leominster-buckets-s3-public.s3.eu-west-1.amazonaws.com/motorvehicle/2907/images/1764593748_ehsPdq.jpg,https://leominster-buckets-s3-public.s3.eu-west-1.amazonaws.com/motorvehicle/2907/images/1764593755_h6JfA9.jpg,https://leominster-buckets-s3-public.s3.eu-west-1.amazonaws.com/motorvehicle/2907/images/1764593764_sOAN6h.jpg,https://leominster-buckets-s3-public.s3.eu-west-1.amazonaws.com/motorvehicle/2907/images/1764593773_lBy2q6.jpg,https://leominster-buckets-s3-public.s3.eu-west-1.amazonaws.com/motorvehicle/2907/images/1764593786_BaVyeP.jpg,https://leominster-buckets-s3-public.s3.eu-west-1.amazonaws.com/motorvehicle/2907/images/1764593800_pIqD6D.jpg,https://leominster-buckets-s3-public.s3.eu-west-1.amazonaws.com/motorvehicle/2907/images/1764593808_9LA9XZ.jpg,https://leominster-buckets-s3-public.s3.eu-west-1.amazonaws.com/motorvehicle/2907/images/1764593815_w9oxlJ.jpg"
VAUXHALL ASTRA,General Car,"
                            45",Online Auction,Leominster,VAUXHALL,ASTRA,CDTi 16V Design,5,DA66JVV,18:00,11/12/2025,22/09/2016,Diesel,Hatchback,,MANUAL,SILVER,23/10/2026,2016,2,Margin,Here,"£2,325.00","£1,900.00","£1,450.00",1.6,86742,No,"https://leominster-buckets-s3-public.s3.eu-west-1.amazonaws.com/motorvehicle/2980/images/1764840453_PvowEB.jpg,https://leominster-buckets-s3-public.s3.eu-west-1.amazonaws.com/motorvehicle/2980/images/1764840458_tqWvtr.jpg,https://leominster-buckets-s3-public.s3.eu-west-1.amazonaws.com/motorvehicle/2980/images/1764840463_fXGQrU.jpg,https://leominster-buckets-s3-public.s3.eu-west-1.amazonaws.com/motorvehicle/2980/images/1764840472_g5b9ep.jpg,https://leominster-buckets-s3-public.s3.eu-west-1.amazonaws.com/motorvehicle/2980/images/1764840476_5ayb7z.jpg,https://leominster-buckets-s3-public.s3.eu-west-1.amazonaws.com/motorvehicle/2980/images/1764840481_wJCKpr.jpg,https://leominster-buckets-s3-public.s3.eu-west-1.amazonaws.com/motorvehicle/2980/images/1764840484_KLLxJi.jpg,https://leominster-buckets-s3-public.s3.eu-west-1.amazonaws.com/motorvehicle/2980/images/1764840498_xOCzL4.jpg,https://leominster-buckets-s3-public.s3.eu-west-1.amazonaws.com/motorvehicle/2980/images/1764840506_Ydkc0C.jpg,https://leominster-buckets-s3-public.s3.eu-west-1.amazonaws.com/motorvehicle/2980/images/1764840516_lZ4Bgo.jpg,https://leominster-buckets-s3-public.s3.eu-west-1.amazonaws.com/motorvehicle/2980/images/1764840523_UBoFJM.jpg,https://leominster-buckets-s3-public.s3.eu-west-1.amazonaws.com/motorvehicle/2980/images/1764840531_tor2Yz.jpg,https://leominster-buckets-s3-public.s3.eu-west-1.amazonaws.com/motorvehicle/2980/images/1764840546_STACF5.jpg"
VAUXHALL INSIGNIA,General Car,"
                            54",Online Auction,Leominster,VAUXHALL,INSIGNIA,1.4T 16V SRi,5,DS62TVX,18:00,11/12/2025,31/01/2013,Petrol,Estate,3,MANUAL,GREY,01/11/2026,2013,2,Margin,Here,£850.00,£450.00,£150.00,,111535,No,"https://leominster-buckets-s3-public.s3.eu-west-1.amazonaws.com/motorvehicle/2988/images/1764848603_i43rMG.jpg,https://leominster-buckets-s3-public.s3.eu-west-1.amazonaws.com/motorvehicle/2988/images/1764848611_FLSEJe.jpg,https://leominster-buckets-s3-public.s3.eu-west-1.amazonaws.com/motorvehicle/2988/images/1764848619_xO5aKM.jpg,https://leominster-buckets-s3-public.s3.eu-west-1.amazonaws.com/motorvehicle/2988/images/1764848633_8rcbON.jpg,https://leominster-buckets-s3-public.s3.eu-west-1.amazonaws.com/motorvehicle/2988/images/1764848641_1YnEFA.jpg,https://leominster-buckets-s3-public.s3.eu-west-1.amazonaws.com/motorvehicle/2988/images/1764848648_wsw7cA.jpg,https://leominster-buckets-s3-public.s3.eu-west-1.amazonaws.com/motorvehicle/2988/images/1764848655_CgcBjF.jpg,https://leominster-buckets-s3-public.s3.eu-west-1.amazonaws.com/motorvehicle/2988/images/1764848664_mo1LCf.jpg,https://leominster-buckets-s3-public.s3.eu-west-1.amazonaws.com/motorvehicle/2988/images/1764848674_MWiOXq.jpg,https://leominster-buckets-s3-public.s3.eu-west-1.amazonaws.com/motorvehicle/2988/images/1764848685_hkvHXP.jpg,https://leominster-buckets-s3-public.s3.eu-west-1.amazonaws.com/motorvehicle/2988/images/1764848714_FmtmW5.jpg,https://leominster-buckets-s3-public.s3.eu-west-1.amazonaws.com/motorvehicle/2988/images/1764848721_PZX6Ii.jpg,https://leominster-buckets-s3-public.s3.eu-west-1.amazonaws.com/motorvehicle/2988/images/1764848726_7pVZ76.jpg"
VAUXHALL CORSA,General Car,"
                            1",Online Auction,Leominster,VAUXHALL,CORSA,ecoFLEX Sting,5,DX15YJM,18:00,11/12/2025,01/03/2015,Petrol,Hatchback,2,MANUAL,BLACK,03/02/2026,2015,,Margin,Here,"£1,675.00","£1,250.00",£850.00,1.4,114990,No,"https://leominster-buckets-s3-public.s3.eu-west-1.amazonaws.com/motorvehicle/2740/images/1763982869_I645ss.jpg,https://leominster-buckets-s3-public.s3.eu-west-1.amazonaws.com/motorvehicle/2740/images/1763982878_5kTiBD.jpg,https://leominster-buckets-s3-public.s3.eu-west-1.amazonaws.com/motorvehicle/2740/images/1763982886_xnh1cC.jpg,https://leominster-buckets-s3-public.s3.eu-west-1.amazonaws.com/motorvehicle/2740/images/1763982899_kXq4f3.jpg,https://leominster-buckets-s3-public.s3.eu-west-1.amazonaws.com/motorvehicle/2740/images/1763982906_I0igrX.jpg,https://leominster-buckets-s3-public.s3.eu-west-1.amazonaws.com/motorvehicle/2740/images/1763982914_DDs2nS.jpg,https://leominster-buckets-s3-public.s3.eu-west-1.amazonaws.com/motorvehicle/2740/images/1763982921_W19oq3.jpg,https://leominster-buckets-s3-public.s3.eu-west-1.amazonaws.com/motorvehicle/2740/images/1763982932_uZUAld.jpg,https://leominster-buckets-s3-public.s3.eu-west-1.amazonaws.com/motorvehicle/2740/images/1763982955_tzfo4C.jpg,https://leominster-buckets-s3-public.s3.eu-west-1.amazonaws.com/motorvehicle/2740/images/1763982967_hfpr3Z.jpg,https://leominster-buckets-s3-public.s3.eu-west-1.amazonaws.com/motorvehicle/2740/images/1763982992_dLnIyp.jpg,https://leominster-buckets-s3-public.s3.eu-west-1.amazonaws.com/motorvehicle/2740/images/1763982998_yMhdKd.jpg,https://leominster-buckets-s3-public.s3.eu-west-1.amazonaws.com/motorvehicle/2740/images/1763983007_AumEGE.jpg"
FORD KUGA,General Car,"
                            3",Online Auction,Leominster,FORD,KUGA,TDCi 140 Zetec 2WD,5,EJ12AZN,18:00,11/12/2025,20/04/2012,Diesel,Estate,,MANUAL,WHITE,04/11/2026,2012,2,Margin,Here,,,,2.0,134332,No,"https://leominster-buckets-s3-public.s3.eu-west-1.amazonaws.com/motorvehicle/2996/images/1764841594_IfhGlK.jpg,https://leominster-buckets-s3-public.s3.eu-west-1.amazonaws.com/motorvehicle/2996/images/1764841602_FFyBOG.jpg,https://leominster-buckets-s3-public.s3.eu-west-1.amazonaws.com/motorvehicle/2996/images/1764841611_ymryTg.jpg,https://leominster-buckets-s3-public.s3.eu-west-1.amazonaws.com/motorvehicle/2996/images/1764841623_RHHqkA.jpg,https://leominster-buckets-s3-public.s3.eu-west-1.amazonaws.com/motorvehicle/2996/images/1764841632_bmTrvs.jpg,https://leominster-buckets-s3-public.s3.eu-west-1.amazonaws.com/motorvehicle/2996/images/1764841639_MeraQR.jpg,https://leominster-buckets-s3-public.s3.eu-west-1.amazonaws.com/motorvehicle/2996/images/1764841646_2XCirN.jpg,https://leominster-buckets-s3-public.s3.eu-west-1.amazonaws.com/motorvehicle/2996/images/1764841655_7g1S2V.jpg,https://leominster-buckets-s3-public.s3.eu-west-1.amazonaws.com/motorvehicle/2996/images/1764841662_DKKlEx.jpg,https://leominster-buckets-s3-public.s3.eu-west-1.amazonaws.com/motorvehicle/2996/images/1764841679_koDwr8.jpg,https://leominster-buckets-s3-public.s3.eu-west-1.amazonaws.com/motorvehicle/2996/images/1764841701_vhBYjd.jpg,https://leominster-buckets-s3-public.s3.eu-west-1.amazonaws.com/motorvehicle/2996/images/1764841706_GQKDbG.jpg,https://leominster-buckets-s3-public.s3.eu-west-1.amazonaws.com/motorvehicle/2996/images/1764841714_KKUVzo.jpg"
FORD FIESTA,General Car,"
                            27",Online Auction,Leominster,FORD,FIESTA,EcoBoost 125 Titanium X,5,FG13FUP,18:00,11/12/2025,07/06/2013,Petrol,Hatchback,3,MANUAL,GREY,01/10/2026,2013,,Margin,Here,"£2,050.00","£1,650.00","£1,225.00",1.0,96844,No,"https://leominster-buckets-s3-public.s3.eu-west-1.amazonaws.com/motorvehicle/2498/images/1762942344_cwWcYR.jpg,https://leominster-buckets-s3-public.s3.eu-west-1.amazonaws.com/motorvehicle/2498/images/1762942357_jr3mVD.jpg,https://leominster-buckets-s3-public.s3.eu-west-1.amazonaws.com/motorvehicle/2498/images/1762942363_U2SJaP.jpg,https://leominster-buckets-s3-public.s3.eu-west-1.amazonaws.com/motorvehicle/2498/images/1762942373_dJa31h.jpg,https://leominster-buckets-s3-public.s3.eu-west-1.amazonaws.com/motorvehicle/2498/images/1762942379_QRSYiy.jpg,https://leominster-buckets-s3-public.s3.eu-west-1.amazonaws.com/motorvehicle/2498/images/1762942385_qEOrdW.jpg,https://leominster-buckets-s3-public.s3.eu-west-1.amazonaws.com/motorvehicle/2498/images/1762942392_r4zN3j.jpg,https://leominster-buckets-s3-public.s3.eu-west-1.amazonaws.com/motorvehicle/2498/images/1762942400_nolpFI.jpg,https://leominster-buckets-s3-public.s3.eu-west-1.amazonaws.com/motorvehicle/2498/images/1762942408_AcMsT7.jpg,https://leominster-buckets-s3-public.s3.eu-west-1.amazonaws.com/motorvehicle/2498/images/1762942419_JoVDoa.jpg,https://leominster-buckets-s3-public.s3.eu-west-1.amazonaws.com/motorvehicle/2498/images/1762942430_wiKSiZ.jpg,https://leominster-buckets-s3-public.s3.eu-west-1.amazonaws.com/motorvehicle/2498/images/1762942438_ZbOeWi.jpg,https://leominster-buckets-s3-public.s3.eu-west-1.amazonaws.com/motorvehicle/2498/images/1762942443_fyy5em.jpg"
MINI HATCHBACK,General Car,"
                            26",Online Auction,Leominster,MINI,HATCHBACK,One,3,GU54ESG,18:00,11/12/2025,08/09/2004,Petrol,Hatchback,,MANUAL,BLACK,12/02/2026,2004,2,Margin,Here,,,,1.6,98695,No,"https://leominster-buckets-s3-public.s3.eu-west-1.amazonaws.com/motorvehicle/3036/images/1765193111_WjC5Qm.jpg,https://leominster-buckets-s3-public.s3.eu-west-1.amazonaws.com/motorvehicle/3036/images/1765193120_7GBZim.jpg,https://leominster-buckets-s3-public.s3.eu-west-1.amazonaws.com/motorvehicle/3036/images/1765193127_1PVOYV.jpg,https://leominster-buckets-s3-public.s3.eu-west-1.amazonaws.com/motorvehicle/3036/images/1765193139_jduhwG.jpg,https://leominster-buckets-s3-public.s3.eu-west-1.amazonaws.com/motorvehicle/3036/images/1765193147_f7WBQk.jpg,https://leominster-buckets-s3-public.s3.eu-west-1.amazonaws.com/motorvehicle/3036/images/1765193155_2Tv1gk.jpg,https://leominster-buckets-s3-public.s3.eu-west-1.amazonaws.com/motorvehicle/3036/images/1765193162_iG8VAp.jpg,https://leominster-buckets-s3-public.s3.eu-west-1.amazonaws.com/motorvehicle/3036/images/1765193171_IOoZ5G.jpg,https://leominster-buckets-s3-public.s3.eu-west-1.amazonaws.com/motorvehicle/3036/images/1765193180_WJQ4ha.jpg,https://leominster-buckets-s3-public.s3.eu-west-1.amazonaws.com/motorvehicle/3036/images/1765193205_UD521T.jpg,https://leominster-buckets-s3-public.s3.eu-west-1.amazonaws.com/motorvehicle/3036/images/1765193214_8kfHmF.jpg,https://leominster-buckets-s3-public.s3.eu-west-1.amazonaws.com/motorvehicle/3036/images/1765193221_knF6Wp.jpg"
SEAT IBIZA,General Car,"
                            4",Online Auction,Leominster,SEAT,IBIZA,Sport [85],5,HG56XBS,18:00,11/12/2025,05/01/2007,Petrol,Hatchback,4,MANUAL,BLUE,Expired,2007,1,Margin,Here,£250.00,£150.00,£150.00,1.4,136134,No,"https://leominster-buckets-s3-public.s3.eu-west-1.amazonaws.com/motorvehicle/2913/images/1764587702_pRWHPb.jpg,https://leominster-buckets-s3-public.s3.eu-west-1.amazonaws.com/motorvehicle/2913/images/1764587709_kPF3T2.jpg,https://leominster-buckets-s3-public.s3.eu-west-1.amazonaws.com/motorvehicle/2913/images/1764587717_WO0AYA.jpg,https://leominster-buckets-s3-public.s3.eu-west-1.amazonaws.com/motorvehicle/2913/images/1764587728_wGvdTK.jpg,https://leominster-buckets-s3-public.s3.eu-west-1.amazonaws.com/motorvehicle/2913/images/1764587734_S0gbgV.jpg,https://leominster-buckets-s3-public.s3.eu-west-1.amazonaws.com/motorvehicle/2913/images/1764587741_AeKzEF.jpg,https://leominster-buckets-s3-public.s3.eu-west-1.amazonaws.com/motorvehicle/2913/images/1764587749_QdiKyL.jpg,https://leominster-buckets-s3-public.s3.eu-west-1.amazonaws.com/motorvehicle/2913/images/1764587760_0utq9Y.jpg,https://leominster-buckets-s3-public.s3.eu-west-1.amazonaws.com/motorvehicle/2913/images/1764587771_TTFEte.jpg,https://leominster-buckets-s3-public.s3.eu-west-1.amazonaws.com/motorvehicle/2913/images/1764587796_kOuSvL.jpg,https://leominster-buckets-s3-public.s3.eu-west-1.amazonaws.com/motorvehicle/2913/images/1764587816_ZYOXsH.jpg,https://leominster-buckets-s3-public.s3.eu-west-1.amazonaws.com/motorvehicle/2913/images/1764587828_1BvYzW.jpg,https://leominster-buckets-s3-public.s3.eu-west-1.amazonaws.com/motorvehicle/2913/images/1764587834_RzBLH4.jpg"
NISSAN QASHQAI+2,General Car,"
                            33",Online Auction,Leominster,NISSAN,QASHQAI+2,dCi [110] Acenta,5,HN61EHC,18:00,11/12/2025,21/11/2011,Diesel,Hatchback,4,MANUAL,GREY,22/02/2026,2011,,Margin,Buyer To Apply,£650.00,£260.00,£150.00,1.5,183800,No,"https://leominster-buckets-s3-public.s3.eu-west-1.amazonaws.com/motorvehicle/3027/images/1765192739_6fUYDp.jpg,https://leominster-buckets-s3-public.s3.eu-west-1.amazonaws.com/motorvehicle/3027/images/1765192747_m6Nc5A.jpg,https://leominster-buckets-s3-public.s3.eu-west-1.amazonaws.com/motorvehicle/3027/images/1765192755_ivUkfz.jpg,https://leominster-buckets-s3-public.s3.eu-west-1.amazonaws.com/motorvehicle/3027/images/1765192767_3OveIp.jpg,https://leominster-buckets-s3-public.s3.eu-west-1.amazonaws.com/motorvehicle/3027/images/1765192775_EcmI1N.jpg,https://leominster-buckets-s3-public.s3.eu-west-1.amazonaws.com/motorvehicle/3027/images/1765192783_cQ9a0W.jpg,https://leominster-buckets-s3-public.s3.eu-west-1.amazonaws.com/motorvehicle/3027/images/1765192792_XIdyzM.jpg,https://leominster-buckets-s3-public.s3.eu-west-1.amazonaws.com/motorvehicle/3027/images/1765192801_aAnG6L.jpg,https://leominster-buckets-s3-public.s3.eu-west-1.amazonaws.com/motorvehicle/3027/images/1765192810_LcDSEt.jpg,https://leominster-buckets-s3-public.s3.eu-west-1.amazonaws.com/motorvehicle/3027/images/1765192823_5FWFWM.jpg,https://leominster-buckets-s3-public.s3.eu-west-1.amazonaws.com/motorvehicle/3027/images/1765192838_cwAnuB.jpg,https://leominster-buckets-s3-public.s3.eu-west-1.amazonaws.com/motorvehicle/3027/images/1765192845_raUNU7.jpg,https://leominster-buckets-s3-public.s3.eu-west-1.amazonaws.com/motorvehicle/3027/images/1765192851_mh31Eq.jpg"
TOYOTA,General Car,"
                            25",Online Auction,Leominster,,,,,LY61MKZ,18:00,11/12/2025,01/10/2015,HYBRID,Hatchback,,,BLACK,09/09/2026,2015,,Margin,Buyer To Apply,,,,,203411,No,"https://leominster-buckets-s3-public.s3.eu-west-1.amazonaws.com/motorvehicle/3020/images/1765192179_cyDNDt.jpg,https://leominster-buckets-s3-public.s3.eu-west-1.amazonaws.com/motorvehicle/3020/images/1765192187_9GBbzt.jpg,https://leominster-buckets-s3-public.s3.eu-west-1.amazonaws.com/motorvehicle/3020/images/1765192195_WxueyZ.jpg,https://leominster-buckets-s3-public.s3.eu-west-1.amazonaws.com/motorvehicle/3020/images/1765192208_qIzOjj.jpg,https://leominster-buckets-s3-public.s3.eu-west-1.amazonaws.com/motorvehicle/3020/images/1765192217_TS7VmF.jpg,https://leominster-buckets-s3-public.s3.eu-west-1.amazonaws.com/motorvehicle/3020/images/1765192225_wu2xiO.jpg,https://leominster-buckets-s3-public.s3.eu-west-1.amazonaws.com/motorvehicle/3020/images/1765192230_qjF3fs.jpg,https://leominster-buckets-s3-public.s3.eu-west-1.amazonaws.com/motorvehicle/3020/images/1765192240_Tuaa9B.jpg,https://leominster-buckets-s3-public.s3.eu-west-1.amazonaws.com/motorvehicle/3020/images/1765192249_EEoMba.jpg,https://leominster-buckets-s3-public.s3.eu-west-1.amazonaws.com/motorvehicle/3020/images/1765192263_pcIWYc.jpg,https://leominster-buckets-s3-public.s3.eu-west-1.amazonaws.com/motorvehicle/3020/images/1765192281_65eztL.jpg,https://leominster-buckets-s3-public.s3.eu-west-1.amazonaws.com/motorvehicle/3020/images/1765192291_mF8wKU.jpg"
JEEP COMPASS,General Car,"
                            31",Online Auction,Leominster,JEEP,COMPASS,CRD Limited [2WD],5,MF11XCE,18:00,11/12/2025,29/06/2011,Diesel,Estate,,MANUAL,WHITE,02/12/2026,2011,1,Margin,Here,£740.00,£340.00,£175.00,2.2,103603,No,"https://leominster-buckets-s3-public.s3.eu-west-1.amazonaws.com/motorvehicle/3029/images/1765195054_CUL51T.jpg,https://leominster-buckets-s3-public.s3.eu-west-1.amazonaws.com/motorvehicle/3029/images/1765195061_bIhf12.jpg,https://leominster-buckets-s3-public.s3.eu-west-1.amazonaws.com/motorvehicle/3029/images/1765195068_eY7jZq.jpg,https://leominster-buckets-s3-public.s3.eu-west-1.amazonaws.com/motorvehicle/3029/images/1765195079_Qh51o7.jpg,https://leominster-buckets-s3-public.s3.eu-west-1.amazonaws.com/motorvehicle/3029/images/1765195085_aaywu3.jpg,https://leominster-buckets-s3-public.s3.eu-west-1.amazonaws.com/motorvehicle/3029/images/1765195092_2XJYCH.jpg,https://leominster-buckets-s3-public.s3.eu-west-1.amazonaws.com/motorvehicle/3029/images/1765195103_oUbcmP.jpg,https://leominster-buckets-s3-public.s3.eu-west-1.amazonaws.com/motorvehicle/3029/images/1765195111_i3mRdm.jpg,https://leominster-buckets-s3-public.s3.eu-west-1.amazonaws.com/motorvehicle/3029/images/1765195119_tcK9b3.jpg,https://leominster-buckets-s3-public.s3.eu-west-1.amazonaws.com/motorvehicle/3029/images/1765195133_cFO55q.jpg,https://leominster-buckets-s3-public.s3.eu-west-1.amazonaws.com/motorvehicle/3029/images/1765195150_SxzHU4.jpg,https://leominster-buckets-s3-public.s3.eu-west-1.amazonaws.com/motorvehicle/3029/images/1765195162_TNbkPU.jpg,https://leominster-buckets-s3-public.s3.eu-west-1.amazonaws.com/motorvehicle/3029/images/1765195170_CAqH97.jpg"
HYUNDAI IX35,General Car,"
                            34",Online Auction,Leominster,HYUNDAI,IX35,CRDi Premium 2WD,5,OE10XEK,18:00,11/12/2025,09/08/2010,Diesel,Estate,3,MANUAL,RED,05/06/2026,2010,1,Margin,Here,£990.00,£600.00,£200.00,2.0,142234,Yes,"https://leominster-buckets-s3-public.s3.eu-west-1.amazonaws.com/motorvehicle/3052/images/1765274700_icGAWU.jpg,https://leominster-buckets-s3-public.s3.eu-west-1.amazonaws.com/motorvehicle/3052/images/1765274709_f6oCrz.jpg,https://leominster-buckets-s3-public.s3.eu-west-1.amazonaws.com/motorvehicle/3052/images/1765274714_hzCu72.jpg,https://leominster-buckets-s3-public.s3.eu-west-1.amazonaws.com/motorvehicle/3052/images/1765274718_VhF3rl.jpg,https://leominster-buckets-s3-public.s3.eu-west-1.amazonaws.com/motorvehicle/3052/images/1765274728_4BjKua.jpg,https://leominster-buckets-s3-public.s3.eu-west-1.amazonaws.com/motorvehicle/3052/images/1765274739_ZyoH6t.jpg,https://leominster-buckets-s3-public.s3.eu-west-1.amazonaws.com/motorvehicle/3052/images/1765274748_3LY5tl.jpg,https://leominster-buckets-s3-public.s3.eu-west-1.amazonaws.com/motorvehicle/3052/images/1765274760_W85pnQ.jpg,https://leominster-buckets-s3-public.s3.eu-west-1.amazonaws.com/motorvehicle/3052/images/1765274767_IRrYHY.jpg,https://leominster-buckets-s3-public.s3.eu-west-1.amazonaws.com/motorvehicle/3052/images/1765274768_SlDwyz.jpg,https://leominster-buckets-s3-public.s3.eu-west-1.amazonaws.com/motorvehicle/3052/images/1765274779_u52I3c.jpg,https://leominster-buckets-s3-public.s3.eu-west-1.amazonaws.com/motorvehicle/3052/images/1765274786_A65zBx.jpg"
AUDI A4,General Car,"
                            7",Online Auction,Leominster,AUDI,A4,TDI SE,,OU53LCE,18:00,11/12/2025,12/09/2003,Diesel,Saloon,,MANUAL,BLUE,18/08/2026,2003,,Margin,Here,,,,,137898,No,"https://leominster-buckets-s3-public.s3.eu-west-1.amazonaws.com/motorvehicle/3024/images/1765189409_S4oeJt.jpg,https://leominster-buckets-s3-public.s3.eu-west-1.amazonaws.com/motorvehicle/3024/images/1765189417_yqRUPQ.jpg,https://leominster-buckets-s3-public.s3.eu-west-1.amazonaws.com/motorvehicle/3024/images/1765189425_tbnD2x.jpg,https://leominster-buckets-s3-public.s3.eu-west-1.amazonaws.com/motorvehicle/3024/images/1765189440_Aq6zDE.jpg,https://leominster-buckets-s3-public.s3.eu-west-1.amazonaws.com/motorvehicle/3024/images/1765189448_hbhqaO.jpg,https://leominster-buckets-s3-public.s3.eu-west-1.amazonaws.com/motorvehicle/3024/images/1765189456_T0FfAE.jpg,https://leominster-buckets-s3-public.s3.eu-west-1.amazonaws.com/motorvehicle/3024/images/1765189463_fmfMVD.jpg,https://leominster-buckets-s3-public.s3.eu-west-1.amazonaws.com/motorvehicle/3024/images/1765189474_j4x1P4.jpg,https://leominster-buckets-s3-public.s3.eu-west-1.amazonaws.com/motorvehicle/3024/images/1765189483_ASCC3g.jpg,https://leominster-buckets-s3-public.s3.eu-west-1.amazonaws.com/motorvehicle/3024/images/1765189506_EKq0GH.jpg,https://leominster-buckets-s3-public.s3.eu-west-1.amazonaws.com/motorvehicle/3024/images/1765189516_wqhE3L.jpg,https://leominster-buckets-s3-public.s3.eu-west-1.amazonaws.com/motorvehicle/3024/images/1765189522_RI8yVa.jpg"
KIA PICANTO,General Car,"
                            51",Online Auction,Leominster,KIA,PICANTO,65 2,5,RE16NFT,18:00,11/12/2025,30/07/2016,Petrol,Hatchback,1,MANUAL,BLUE,Expired,2016,1,Margin,Here,"£2,650.00","£2,200.00","£1,750.00",1.0,95810,No,"https://leominster-buckets-s3-public.s3.eu-west-1.amazonaws.com/motorvehicle/3040/images/1765206083_JQx1d6.jpg,https://leominster-buckets-s3-public.s3.eu-west-1.amazonaws.com/motorvehicle/3040/images/1765206090_93O2G7.jpg,https://leominster-buckets-s3-public.s3.eu-west-1.amazonaws.com/motorvehicle/3040/images/1765206098_nhKm92.jpg,https://leominster-buckets-s3-public.s3.eu-west-1.amazonaws.com/motorvehicle/3040/images/1765206113_ga7d6z.jpg,https://leominster-buckets-s3-public.s3.eu-west-1.amazonaws.com/motorvehicle/3040/images/1765206121_coPKPv.jpg,https://leominster-buckets-s3-public.s3.eu-west-1.amazonaws.com/motorvehicle/3040/images/1765206129_l1PWeq.jpg,https://leominster-buckets-s3-public.s3.eu-west-1.amazonaws.com/motorvehicle/3040/images/1765206135_df41y0.jpg,https://leominster-buckets-s3-public.s3.eu-west-1.amazonaws.com/motorvehicle/3040/images/1765206145_dTwaH1.jpg,https://leominster-buckets-s3-public.s3.eu-west-1.amazonaws.com/motorvehicle/3040/images/1765206154_xSRnGG.jpg,https://leominster-buckets-s3-public.s3.eu-west-1.amazonaws.com/motorvehicle/3040/images/1765206167_5XM5CR.jpg,https://leominster-buckets-s3-public.s3.eu-west-1.amazonaws.com/motorvehicle/3040/images/1765206188_omcTMc.jpg,https://leominster-buckets-s3-public.s3.eu-west-1.amazonaws.com/motorvehicle/3040/images/1765206194_D0XMZs.jpg,https://leominster-buckets-s3-public.s3.eu-west-1.amazonaws.com/motorvehicle/3040/images/1765206200_XmnK7g.jpg"
SUZUKI GRAND VITARA,General Car,"
                            46",Online Auction,Leominster,SUZUKI,GRAND VITARA,DDiS,5,SG59KZR,18:00,11/12/2025,24/09/2009,Diesel,Estate,3,MANUAL,BLACK,12/11/2026,2009,,Margin,Here,"£1,200.00",£790.00,£400.00,1.9,88474,No,
VAUXHALL ASTRA,General Car,"
                            28",Online Auction,Leominster,VAUXHALL,ASTRA,1.4i 16V SRi,5,SJ63EZS,18:00,11/12/2025,01/09/2013,Petrol,Hatchback,3,MANUAL,SILVER,30/10/2026,2013,,Margin,Here,£860.00,£460.00,£150.00,,125293,Yes,"https://leominster-buckets-s3-public.s3.eu-west-1.amazonaws.com/motorvehicle/2878/images/1764239510_2IjhCv.jpg,https://leominster-buckets-s3-public.s3.eu-west-1.amazonaws.com/motorvehicle/2878/images/1764239515_9tfIac.jpg,https://leominster-buckets-s3-public.s3.eu-west-1.amazonaws.com/motorvehicle/2878/images/1764239519_IEBxtn.jpg,https://leominster-buckets-s3-public.s3.eu-west-1.amazonaws.com/motorvehicle/2878/images/1764239528_qtLFat.jpg,https://leominster-buckets-s3-public.s3.eu-west-1.amazonaws.com/motorvehicle/2878/images/1764239535_zfAeh8.jpg,https://leominster-buckets-s3-public.s3.eu-west-1.amazonaws.com/motorvehicle/2878/images/1764239540_17WSeM.jpg,https://leominster-buckets-s3-public.s3.eu-west-1.amazonaws.com/motorvehicle/2878/images/1764239544_VkY4Jc.jpg,https://leominster-buckets-s3-public.s3.eu-west-1.amazonaws.com/motorvehicle/2878/images/1764239548_7gejtw.jpg,https://leominster-buckets-s3-public.s3.eu-west-1.amazonaws.com/motorvehicle/2878/images/1764239556_vNy6L0.jpg,https://leominster-buckets-s3-public.s3.eu-west-1.amazonaws.com/motorvehicle/2878/images/1764239566_kz8C2H.jpg,https://leominster-buckets-s3-public.s3.eu-west-1.amazonaws.com/motorvehicle/2878/images/1764239571_JHRCqr.jpg,https://leominster-buckets-s3-public.s3.eu-west-1.amazonaws.com/motorvehicle/2878/images/1764239579_ACCBcZ.jpg,https://leominster-buckets-s3-public.s3.eu-west-1.amazonaws.com/motorvehicle/2878/images/1764239607_Zvxjb9.jpg"
SEAT LEON,General Car,"
                            55",Online Auction,Leominster,SEAT,LEON,TDI CR FR,5,VE10WHD,18:00,11/12/2025,13/08/2010,Diesel,Hatchback,3,MANUAL,GREY,22/05/2026,2010,1,Margin,Here,"£1,050.00",£650.00,£275.00,2.0,172607,No,"https://leominster-buckets-s3-public.s3.eu-west-1.amazonaws.com/motorvehicle/2967/images/1764762770_TeeLmI.jpg,https://leominster-buckets-s3-public.s3.eu-west-1.amazonaws.com/motorvehicle/2967/images/1764762775_SjOsSX.jpg,https://leominster-buckets-s3-public.s3.eu-west-1.amazonaws.com/motorvehicle/2967/images/1764762779_AqW2iu.jpg,https://leominster-buckets-s3-public.s3.eu-west-1.amazonaws.com/motorvehicle/2967/images/1764762788_R5Tv1O.jpg,https://leominster-buckets-s3-public.s3.eu-west-1.amazonaws.com/motorvehicle/2967/images/1764762792_5T8ctT.jpg,https://leominster-buckets-s3-public.s3.eu-west-1.amazonaws.com/motorvehicle/2967/images/1764762797_21rg3Z.jpg,https://leominster-buckets-s3-public.s3.eu-west-1.amazonaws.com/motorvehicle/2967/images/1764762802_TOiAT7.jpg,https://leominster-buckets-s3-public.s3.eu-west-1.amazonaws.com/motorvehicle/2967/images/1764762809_qynIaJ.jpg,https://leominster-buckets-s3-public.s3.eu-west-1.amazonaws.com/motorvehicle/2967/images/1764762817_TcA12O.jpg,https://leominster-buckets-s3-public.s3.eu-west-1.amazonaws.com/motorvehicle/2967/images/1764762826_Mi4fcK.jpg,https://leominster-buckets-s3-public.s3.eu-west-1.amazonaws.com/motorvehicle/2967/images/1764762835_XnoIFO.jpg,https://leominster-buckets-s3-public.s3.eu-west-1.amazonaws.com/motorvehicle/2967/images/1764762845_q20wgF.jpg"
CHEVROLET CAPTIVA,General Car,"
                            24",Online Auction,Leominster,CHEVROLET,CAPTIVA,VCDi LTZ Auto [7 Seats],5,VO61FKN,18:00,11/12/2025,01/09/2011,Diesel,Estate,2,AUTOMATIC,SILVER,18/11/2026,2011,,Margin,Here,"£1,400.00",£990.00,£600.00,2.2,69950,No,"https://leominster-buckets-s3-public.s3.eu-west-1.amazonaws.com/motorvehicle/3022/images/1765191316_en6HVV.jpg,https://leominster-buckets-s3-public.s3.eu-west-1.amazonaws.com/motorvehicle/3022/images/1765191324_PDYzdf.jpg,https://leominster-buckets-s3-public.s3.eu-west-1.amazonaws.com/motorvehicle/3022/images/1765191332_W6Y9BY.jpg,https://leominster-buckets-s3-public.s3.eu-west-1.amazonaws.com/motorvehicle/3022/images/1765191345_KRn14L.jpg,https://leominster-buckets-s3-public.s3.eu-west-1.amazonaws.com/motorvehicle/3022/images/1765191353_9ISSbF.jpg,https://leominster-buckets-s3-public.s3.eu-west-1.amazonaws.com/motorvehicle/3022/images/1765191361_HNBW0q.jpg,https://leominster-buckets-s3-public.s3.eu-west-1.amazonaws.com/motorvehicle/3022/images/1765191368_0sb8U0.jpg,https://leominster-buckets-s3-public.s3.eu-west-1.amazonaws.com/motorvehicle/3022/images/1765191379_4YNIlC.jpg,https://leominster-buckets-s3-public.s3.eu-west-1.amazonaws.com/motorvehicle/3022/images/1765191388_wR5lsm.jpg,https://leominster-buckets-s3-public.s3.eu-west-1.amazonaws.com/motorvehicle/3022/images/1765191403_NAr0hN.jpg,https://leominster-buckets-s3-public.s3.eu-west-1.amazonaws.com/motorvehicle/3022/images/1765191420_Xet4nb.jpg,https://leominster-buckets-s3-public.s3.eu-west-1.amazonaws.com/motorvehicle/3022/images/1765191432_DQoAvi.jpg,https://leominster-buckets-s3-public.s3.eu-west-1.amazonaws.com/motorvehicle/3022/images/1765191438_oZ89I9.jpg"
FORD MONDEO,General Car,"
                            47",Online Auction,Leominster,FORD,MONDEO,TDCi Titanium X,5,WJ59FRV,18:00,11/12/2025,01/09/2009,Diesel,Hatchback,3,MANUAL,RED,01/09/2026,2009,2,Margin,Here,£800.00,£400.00,£150.00,2.2,122018,Yes,"https://leominster-buckets-s3-public.s3.eu-west-1.amazonaws.com/motorvehicle/2921/images/1764601571_w1LhvW.jpg,https://leominster-buckets-s3-public.s3.eu-west-1.amazonaws.com/motorvehicle/2921/images/1764601577_H0b8h4.jpg,https://leominster-buckets-s3-public.s3.eu-west-1.amazonaws.com/motorvehicle/2921/images/1764601585_5b2VkT.jpg,https://leominster-buckets-s3-public.s3.eu-west-1.amazonaws.com/motorvehicle/2921/images/1764601596_u4zSJs.jpg,https://leominster-buckets-s3-public.s3.eu-west-1.amazonaws.com/motorvehicle/2921/images/1764601603_Glazlb.jpg,https://leominster-buckets-s3-public.s3.eu-west-1.amazonaws.com/motorvehicle/2921/images/1764601612_ZdGVeX.jpg,https://leominster-buckets-s3-public.s3.eu-west-1.amazonaws.com/motorvehicle/2921/images/1764601622_uO1hdO.jpg,https://leominster-buckets-s3-public.s3.eu-west-1.amazonaws.com/motorvehicle/2921/images/1764601632_w2TNRq.jpg,https://leominster-buckets-s3-public.s3.eu-west-1.amazonaws.com/motorvehicle/2921/images/1764601642_ZWxbOK.jpg,https://leominster-buckets-s3-public.s3.eu-west-1.amazonaws.com/motorvehicle/2921/images/1764601681_ziJa65.jpg,https://leominster-buckets-s3-public.s3.eu-west-1.amazonaws.com/motorvehicle/2921/images/1764601697_u8njLW.jpg,https://leominster-buckets-s3-public.s3.eu-west-1.amazonaws.com/motorvehicle/2921/images/1764601708_iisSiW.jpg,https://leominster-buckets-s3-public.s3.eu-west-1.amazonaws.com/motorvehicle/2921/images/1764601715_Y8L1jn.jpg"
SUZUKI JIMNY,General Car,"
                            30",Online Auction,Leominster,SUZUKI,JIMNY,VVT JLX +,3,WL57BWU,18:00,11/12/2025,31/12/2007,Petrol,Estate,,MANUAL,GREY,25/04/2026,2007,1,Margin,Buyer To Apply,,,,1.3,78849,No,"https://leominster-buckets-s3-public.s3.eu-west-1.amazonaws.com/motorvehicle/2841/images/1764173528_we0UP5.jpg,https://leominster-buckets-s3-public.s3.eu-west-1.amazonaws.com/motorvehicle/2841/images/1764173534_wss4OE.jpg,https://leominster-buckets-s3-public.s3.eu-west-1.amazonaws.com/motorvehicle/2841/images/1764173539_34I3Ns.jpg,https://leominster-buckets-s3-public.s3.eu-west-1.amazonaws.com/motorvehicle/2841/images/1764173546_Xk5MXb.jpg,https://leominster-buckets-s3-public.s3.eu-west-1.amazonaws.com/motorvehicle/2841/images/1764173552_H87HEt.jpg,https://leominster-buckets-s3-public.s3.eu-west-1.amazonaws.com/motorvehicle/2841/images/1764173556_BnPn07.jpg,https://leominster-buckets-s3-public.s3.eu-west-1.amazonaws.com/motorvehicle/2841/images/1764173561_ujkdnk.jpg,https://leominster-buckets-s3-public.s3.eu-west-1.amazonaws.com/motorvehicle/2841/images/1764173572_oi7okV.jpg,https://leominster-buckets-s3-public.s3.eu-west-1.amazonaws.com/motorvehicle/2841/images/1764173597_mCdogY.jpg,https://leominster-buckets-s3-public.s3.eu-west-1.amazonaws.com/motorvehicle/2841/images/1764173606_fosT4U.jpg,https://leominster-buckets-s3-public.s3.eu-west-1.amazonaws.com/motorvehicle/2841/images/1764173628_j2DHKw.jpg,https://leominster-buckets-s3-public.s3.eu-west-1.amazonaws.com/motorvehicle/2841/images/1764173637_AcQ814.jpg"
AUDI TT,General Car,"
                            42",Online Auction,Leominster,AUDI,TT,T [180],2,YC55SWW,18:00,11/12/2025,14/10/2005,Petrol,Coupe,,MANUAL,BLUE,06/06/2026,2005,,Margin,Here,£780.00,£380.00,£150.00,1.8,116404,Yes,"https://leominster-buckets-s3-public.s3.eu-west-1.amazonaws.com/motorvehicle/2557/images/1763039640_ReaYEE.jpg,https://leominster-buckets-s3-public.s3.eu-west-1.amazonaws.com/motorvehicle/2557/images/1763039645_qUNxAf.jpg,https://leominster-buckets-s3-public.s3.eu-west-1.amazonaws.com/motorvehicle/2557/images/1763039650_7X2jxX.jpg,https://leominster-buckets-s3-public.s3.eu-west-1.amazonaws.com/motorvehicle/2557/images/1763039658_2NJLBr.jpg,https://leominster-buckets-s3-public.s3.eu-west-1.amazonaws.com/motorvehicle/2557/images/1763039662_ZmWZB5.jpg,https://leominster-buckets-s3-public.s3.eu-west-1.amazonaws.com/motorvehicle/2557/images/1763039667_0ZDKUu.jpg,https://leominster-buckets-s3-public.s3.eu-west-1.amazonaws.com/motorvehicle/2557/images/1763039672_OXwS44.jpg,https://leominster-buckets-s3-public.s3.eu-west-1.amazonaws.com/motorvehicle/2557/images/1763039691_67HKil.jpg,https://leominster-buckets-s3-public.s3.eu-west-1.amazonaws.com/motorvehicle/2557/images/1763039708_MbORN8.jpg,https://leominster-buckets-s3-public.s3.eu-west-1.amazonaws.com/motorvehicle/2557/images/1763039723_AkJAdX.jpg,https://leominster-buckets-s3-public.s3.eu-west-1.amazonaws.com/motorvehicle/2557/images/1763039732_SiIaDs.jpg"
BMW 1 SERIES,General Car,"
                            32",Online Auction,Leominster,BMW,1 SERIES,118d Sport,5,YY64MYM,18:00,11/12/2025,23/10/2014,Diesel,Hatchback,2,MANUAL,WHITE,Expired,2014,2,Margin,Here,"£2,850.00","£2,400.00","£1,950.00",,113098,No,"https://leominster-buckets-s3-public.s3.eu-west-1.amazonaws.com/motorvehicle/2883/images/1764241577_drvNZP.jpg,https://leominster-buckets-s3-public.s3.eu-west-1.amazonaws.com/motorvehicle/2883/images/1764241582_DzI9oD.jpg,https://leominster-buckets-s3-public.s3.eu-west-1.amazonaws.com/motorvehicle/2883/images/1764241587_IXJ7gS.jpg,https://leominster-buckets-s3-public.s3.eu-west-1.amazonaws.com/motorvehicle/2883/images/1764241594_oFggxF.jpg,https://leominster-buckets-s3-public.s3.eu-west-1.amazonaws.com/motorvehicle/2883/images/1764241599_rZ17Wv.jpg,https://leominster-buckets-s3-public.s3.eu-west-1.amazonaws.com/motorvehicle/2883/images/1764241603_MceI4Y.jpg,https://leominster-buckets-s3-public.s3.eu-west-1.amazonaws.com/motorvehicle/2883/images/1764241607_nqmy9Z.jpg,https://leominster-buckets-s3-public.s3.eu-west-1.amazonaws.com/motorvehicle/2883/images/1764241613_q4V1b0.jpg,https://leominster-buckets-s3-public.s3.eu-west-1.amazonaws.com/motorvehicle/2883/images/1764241621_RKuBtC.jpg,https://leominster-buckets-s3-public.s3.eu-west-1.amazonaws.com/motorvehicle/2883/images/1764241633_nI6jdb.jpg,https://leominster-buckets-s3-public.s3.eu-west-1.amazonaws.com/motorvehicle/2883/images/1764241638_Kj7nbz.jpg,https://leominster-buckets-s3-public.s3.eu-west-1.amazonaws.com/motorvehicle/2883/images/1764241655_xUyvtv.jpg,https://leominster-buckets-s3-public.s3.eu-west-1.amazonaws.com/motorvehicle/2883/images/1764241674_tOXP6o.jpg"
