Auction Name,Sheet id,Auction House,Title,Reg,Make,Model,Variant,Lot,Body type,Fuel Type,Transmission,Center,Start Date,Start Time,D.O.R,Year,Mileage,Mileage Warranted,V5,MOT Expiry Date,Service History,VAT Status,Vendor,Former Keepers,CC,Service Notes,Inspection Report,Images,Damaged_images,Damage_details,Additional Information,Colour,Keys,CAP Clean,CAP Below,CAP Average,Features,General Condition,Grade,Doors,Seats,MOT Due,Euro Status
BMA,23,East Anglian Motor Auctions,VAUXHALL CORSA 1.4T ecoFLEX SRi,AF17GYJ,VAUXHALL,CORSA,1.4T ecoFLEX SRi,36,Hatchback,Petrol,MANUAL,Bridlington,Tue 20th Jan,18:00,22/03/2017,2017,100085,Warranted,Here,,,Margin,,1,1.4,,https://www.bridlingtonmotorauction.co.uk/motorvehicleinspectionreport/standard/3492.pdf,"https://filestore-test-public.s3.eu-west-1.amazonaws.com/motorvehicle/3492/images/1767360255_jcuOg7.jpg, https://filestore-test-public.s3.eu-west-1.amazonaws.com/motorvehicle/3492/images/1767360263_WMUmb5.jpg, https://filestore-test-public.s3.eu-west-1.amazonaws.com/motorvehicle/3492/images/1767360268_aPxBwV.jpg, https://filestore-test-public.s3.eu-west-1.amazonaws.com/motorvehicle/3492/images/1767360272_avOA89.jpg, https://filestore-test-public.s3.eu-west-1.amazonaws.com/motorvehicle/3492/images/1767360280_2dPK68.jpg, https://filestore-test-public.s3.eu-west-1.amazonaws.com/motorvehicle/3492/images/1767360286_fxqYh7.jpg",,,"{'Additional Information': {'MOT Due': 'Expired', 'Former Keepers': '1', 'Body Style': 'Hatchback', 'BHP': ['99', '99'], 'Gross Weight': '1680', 'Euro Status': '6', 'Euro': '6', 'CO2': '119', 'MPG Combined': '55.4', 'MPG Urban': '44.1', 'MPG Extra Urban': '65.7'}}",GREY,,"£1,975.00","£1,125.00","£1,550.00",,{},,3,,Expired,6
BMA,23,East Anglian Motor Auctions,MINI COUPE Cooper S,AV14FFH,MINI,COUPE,Cooper S,79,Coupe,Petrol,MANUAL,Bridlington,Tue 20th Jan,18:00,28/03/2014,2014,102936,Not Warranted,Here,,,Margin,,2,1.6,,https://www.bridlingtonmotorauction.co.uk/motorvehicleinspectionreport/standard/2929.pdf,"https://filestore-test-public.s3.eu-west-1.amazonaws.com/motorvehicle/2929/images/1762180068_Hc4Fw8.jpg, https://filestore-test-public.s3.eu-west-1.amazonaws.com/motorvehicle/2929/images/1762180077_BUF8kg.jpg, https://filestore-test-public.s3.eu-west-1.amazonaws.com/motorvehicle/2929/images/1762180094_6w94wd.jpg, https://filestore-test-public.s3.eu-west-1.amazonaws.com/motorvehicle/2929/images/1762180096_aOdmc5.jpg, https://filestore-test-public.s3.eu-west-1.amazonaws.com/motorvehicle/2929/images/1762180102_bPP3nb.jpg, https://filestore-test-public.s3.eu-west-1.amazonaws.com/motorvehicle/2929/images/1762180107_t7lAS5.jpg",,,"{'Additional Information': {'MOT Due': '04/09/2026', 'Former Keepers': '2', 'Body Style': 'Coupe', 'BHP': ['181', '181'], 'Gross Weight': '1455', 'Euro Status': '5', 'Euro': '5', 'CO2': '136', 'MPG Combined': '48.7', 'MPG Urban': '38.7', 'MPG Extra Urban': '56.5'}}",BLACK,,"£2,650.00","£1,725.00","£2,175.00",,{},,3,,04/09/2026,5
BMA,23,East Anglian Motor Auctions,MAZDA 3 TS,CN06TEU,MAZDA,3,TS,8,Hatchback,Petrol,MANUAL,Bridlington,Tue 20th Jan,18:00,19/05/2006,2006,104089,Not Warranted,Here,,,Margin,,2,1.6,,https://www.bridlingtonmotorauction.co.uk/motorvehicleinspectionreport/standard/3489.pdf,"https://filestore-test-public.s3.eu-west-1.amazonaws.com/motorvehicle/3489/1767704205_mixPit.jpg, https://filestore-test-public.s3.eu-west-1.amazonaws.com/motorvehicle/3489/1767704206_RNKh07.jpg, https://filestore-test-public.s3.eu-west-1.amazonaws.com/motorvehicle/3489/1767704205_dVyidm.jpg, https://filestore-test-public.s3.eu-west-1.amazonaws.com/motorvehicle/3489/1767704205_lSa3ct.jpg, https://filestore-test-public.s3.eu-west-1.amazonaws.com/motorvehicle/3489/1767704205_1b0eV1.jpg, https://filestore-test-public.s3.eu-west-1.amazonaws.com/motorvehicle/3489/1767704205_xqgDeQ.jpg, https://filestore-test-public.s3.eu-west-1.amazonaws.com/motorvehicle/3489/1767704204_q7HSFQ.jpg, https://filestore-test-public.s3.eu-west-1.amazonaws.com/motorvehicle/3489/1767704204_eti5PA.jpg, https://filestore-test-public.s3.eu-west-1.amazonaws.com/motorvehicle/3489/1767704205_J59kHt.jpg, https://filestore-test-public.s3.eu-west-1.amazonaws.com/motorvehicle/3489/1767704205_74JUzZ.jpg, https://filestore-test-public.s3.eu-west-1.amazonaws.com/motorvehicle/3489/1767704206_7eZt7D.jpg",,,"{'Additional Information': {'MOT Due': 'Expired', 'Former Keepers': '2', 'Body Style': 'Hatchback', 'BHP': ['105', '105'], 'Gross Weight': '1695', 'Euro Status': '4', 'Euro': '4', 'CO2': '172', 'MPG Combined': '39.2', 'MPG Urban': '30.4', 'MPG Extra Urban': '47.1'}}",RED,,£430.00,£150.00,£170.00,,{},,5,,Expired,4
BMA,23,East Anglian Motor Auctions,MINI HATCHBACK One D,CX64LLT,MINI,HATCHBACK,One D,72,Hatchback,Diesel,MANUAL,Bridlington,Tue 20th Jan,18:00,19/01/2015,2015,119562,Not Warranted,Here,,,Margin,,2,1.5,,https://www.bridlingtonmotorauction.co.uk/motorvehicleinspectionreport/standard/3418.pdf,"https://filestore-test-public.s3.eu-west-1.amazonaws.com/motorvehicle/3418/images/1765793717_ZEUyoQ.jpg, https://filestore-test-public.s3.eu-west-1.amazonaws.com/motorvehicle/3418/images/1765793725_Vm6ZfQ.jpg, https://filestore-test-public.s3.eu-west-1.amazonaws.com/motorvehicle/3418/images/1765793732_16M782.jpg, https://filestore-test-public.s3.eu-west-1.amazonaws.com/motorvehicle/3418/images/1765793738_r7RXR0.jpg, https://filestore-test-public.s3.eu-west-1.amazonaws.com/motorvehicle/3418/images/1765793748_2UPASG.jpg, https://filestore-test-public.s3.eu-west-1.amazonaws.com/motorvehicle/3418/images/1765793756_iSgX3h.jpg",,,"{'Additional Information': {'MOT Due': '03/05/2026', 'Former Keepers': '2', 'Body Style': 'Hatchback', 'BHP': ['94', '94'], 'Gross Weight': '1615', 'Euro Status': '6', 'Euro': '6', 'CO2': '89', 'MPG Combined': '83.1', 'MPG Urban': '72.4', 'MPG Extra Urban': '91.1'}}",BLUE,,"£1,800.00","£1,000.00","£1,400.00",,{},,3,,03/05/2026,6
BMA,23,East Anglian Motor Auctions,RENAULT KANGOO Expression Auto,DK54JFA,RENAULT,KANGOO,Expression Auto,12,MPV,Petrol,AUTOMATIC,Bridlington,Tue 20th Jan,18:00,15/12/2004,2004,69736,Not Warranted,Here,,,Margin,, ,1.6,,https://www.bridlingtonmotorauction.co.uk/motorvehicleinspectionreport/standard/3543.pdf,"https://filestore-test-public.s3.eu-west-1.amazonaws.com/motorvehicle/3543/1767709114_KUr8q9.jpg, https://filestore-test-public.s3.eu-west-1.amazonaws.com/motorvehicle/3543/1767709114_mspUEw.jpg, https://filestore-test-public.s3.eu-west-1.amazonaws.com/motorvehicle/3543/1767709115_RGDfgs.jpg, https://filestore-test-public.s3.eu-west-1.amazonaws.com/motorvehicle/3543/1767709115_udn3Om.jpg, https://filestore-test-public.s3.eu-west-1.amazonaws.com/motorvehicle/3543/1767709115_n2zBsd.jpg, https://filestore-test-public.s3.eu-west-1.amazonaws.com/motorvehicle/3543/1767709114_WZPOxd.jpg, https://filestore-test-public.s3.eu-west-1.amazonaws.com/motorvehicle/3543/1767709115_OoSB71.jpg, https://filestore-test-public.s3.eu-west-1.amazonaws.com/motorvehicle/3543/1767709115_d3lheo.jpg, https://filestore-test-public.s3.eu-west-1.amazonaws.com/motorvehicle/3543/1767709115_Ydjk27.jpg",,,"{'Additional Information': {'MOT Due': 'Expired', 'Body Style': 'MPV', 'BHP': ['95', '95'], 'Gross Weight': '1645', 'Euro Status': '4', 'Euro': '4', 'CO2': '190', 'MPG Combined': '35.3', 'MPG Urban': '25.7', 'MPG Extra Urban': '44.8'}}",BLUE,,£0.00,£0.00,£0.00,,{},,5,,Expired,4
BMA,23,East Anglian Motor Auctions,VAUXHALL VIVARO 2900 1.5d 100PS Dynamic H1 Van,DU70XOL,VAUXHALL,VIVARO,2900 1.5d 100PS Dynamic H1 Van,90,Panel Van,Diesel,MANUAL,Bridlington,Tue 20th Jan,18:00,01/09/2020,2020,70806,Not Warranted,Buyer To Apply,,,Plus VAT,, ,1.5,,https://www.bridlingtonmotorauction.co.uk/motorvehicleinspectionreport/standard/3540.pdf,"https://filestore-test-public.s3.eu-west-1.amazonaws.com/motorvehicle/3540/images/1767711000_YqAVYP.jpg, https://filestore-test-public.s3.eu-west-1.amazonaws.com/motorvehicle/3540/images/1767711006_PZowMG.jpg, https://filestore-test-public.s3.eu-west-1.amazonaws.com/motorvehicle/3540/images/1767711013_JoYiGJ.jpg, https://filestore-test-public.s3.eu-west-1.amazonaws.com/motorvehicle/3540/images/1767711020_xAiepO.jpg, https://filestore-test-public.s3.eu-west-1.amazonaws.com/motorvehicle/3540/images/1767711024_mn7ffF.jpg, https://filestore-test-public.s3.eu-west-1.amazonaws.com/motorvehicle/3540/images/1767711028_WPtgYT.jpg, https://filestore-test-public.s3.eu-west-1.amazonaws.com/motorvehicle/3540/images/1767711033_296C0g.jpg",,,"{'Additional Information': {'MOT Due': '17/12/2026', 'Body Style': 'Panel Van', 'BHP': ['101', '101'], 'Gross Weight': '2830', 'Euro Status': '6', 'Euro': '6', 'CO2': '186', 'MPG Combined': '44.8', 'MPG Urban': '45.6', 'MPG Extra Urban': '64.2'}}",WHITE,,"£7,775.00","£5,450.00","£6,825.00",,{},,,,17/12/2026,6
BMA,23,East Anglian Motor Auctions,BMW 2 SERIES 218d SE,EF14GWM,BMW,2 SERIES,218d SE,65,Coupe,Diesel,MANUAL,Bridlington,Tue 20th Jan,18:00,25/06/2014,2014,97933,Not Warranted,Here,,,Margin,, ,2.0,,https://www.bridlingtonmotorauction.co.uk/motorvehicleinspectionreport/standard/3406.pdf,"https://filestore-test-public.s3.eu-west-1.amazonaws.com/motorvehicle/3406/images/1765284742_y7C89A.jpg, https://filestore-test-public.s3.eu-west-1.amazonaws.com/motorvehicle/3406/images/1765284751_H8ZMZ8.jpg, https://filestore-test-public.s3.eu-west-1.amazonaws.com/motorvehicle/3406/images/1765284757_lnpME9.jpg, https://filestore-test-public.s3.eu-west-1.amazonaws.com/motorvehicle/3406/images/1765284765_E0MliM.jpg, https://filestore-test-public.s3.eu-west-1.amazonaws.com/motorvehicle/3406/images/1765284775_yARyDa.jpg",,,"{'Additional Information': {'MOT Due': '04/03/2026', 'Body Style': 'Coupe', 'BHP': ['141', '141'], 'Gross Weight': '1760', 'Euro Status': '6', 'Euro': '6', 'CO2': '119', 'MPG Combined': '62.8', 'MPG Urban': '51.4', 'MPG Extra Urban': '72.4'}}",RED,,"£4,300.00","£3,100.00","£3,700.00",,{},,2,,04/03/2026,6
BMA,23,East Anglian Motor Auctions,FORD ECOSPORT EcoBoost 140 ST-Line,FA18HBH,FORD,ECOSPORT,EcoBoost 140 ST-Line,47,Hatchback,Petrol,MANUAL,Bridlington,Tue 20th Jan,18:00,29/07/2018,2018,42640,Not Warranted,Buyer To Apply,,,Margin,, ,1.0,,https://www.bridlingtonmotorauction.co.uk/motorvehicleinspectionreport/standard/3556.pdf,"https://filestore-test-public.s3.eu-west-1.amazonaws.com/motorvehicle/3556/1767707223_bBjntX.jpg, https://filestore-test-public.s3.eu-west-1.amazonaws.com/motorvehicle/3556/1767707223_EEY6Tg.jpg, https://filestore-test-public.s3.eu-west-1.amazonaws.com/motorvehicle/3556/1767707223_eRqed3.jpg, https://filestore-test-public.s3.eu-west-1.amazonaws.com/motorvehicle/3556/1767707223_S415tc.jpg, https://filestore-test-public.s3.eu-west-1.amazonaws.com/motorvehicle/3556/1767707223_1VVpC1.jpg",,,"{'Additional Information': {'MOT Due': '31/07/2026', 'Body Style': 'Hatchback', 'BHP': ['138', '138'], 'Gross Weight': '1730', 'Euro Status': '6', 'Euro': '6', 'CO2': '124', 'MPG Combined': '43.5', 'MPG Urban': '45.6', 'MPG Extra Urban': '60.1'}}",BLUE,,"£6,600.00","£4,850.00","£5,700.00",,{},,5,,31/07/2026,6
BMA,23,East Anglian Motor Auctions,FORD ECOSPORT EcoBoost Zetec,FA66EMF,FORD,ECOSPORT,EcoBoost Zetec,67,Hatchback,Petrol,MANUAL,Bridlington,Tue 20th Jan,18:00,22/02/2017,2017,63183,Warranted,Here,,,Margin,,1,1.0,,https://www.bridlingtonmotorauction.co.uk/motorvehicleinspectionreport/standard/3544.pdf,"https://filestore-test-public.s3.eu-west-1.amazonaws.com/motorvehicle/3544/1767698579_eizDWc.jpg, https://filestore-test-public.s3.eu-west-1.amazonaws.com/motorvehicle/3544/1767698580_6LNUe9.jpg, https://filestore-test-public.s3.eu-west-1.amazonaws.com/motorvehicle/3544/1767698581_ountWb.jpg, https://filestore-test-public.s3.eu-west-1.amazonaws.com/motorvehicle/3544/1767698581_HGvTEM.jpg, https://filestore-test-public.s3.eu-west-1.amazonaws.com/motorvehicle/3544/1767698581_QGYvLS.jpg, https://filestore-test-public.s3.eu-west-1.amazonaws.com/motorvehicle/3544/1767698579_NNJCS9.jpg, https://filestore-test-public.s3.eu-west-1.amazonaws.com/motorvehicle/3544/1767698580_cNMKjn.jpg",,,"{'Additional Information': {'MOT Due': '24/02/2026', 'Former Keepers': '1', 'Body Style': 'Hatchback', 'BHP': ['123', '123'], 'Gross Weight': '1730', 'Euro Status': '6', 'Euro': '6', 'CO2': '125', 'MPG Combined': '52.3', 'MPG Urban': '42.8', 'MPG Extra Urban': '60.1'}}",YELLOW,,"£2,450.00","£1,550.00","£2,000.00",,{},,5,,24/02/2026,6
BMA,23,East Anglian Motor Auctions,TOYOTA AYGO VVT-i Platinum [AC] MMT,FD09SWY,TOYOTA,AYGO,VVT-i Platinum [AC] MMT,(tbc),Hatchback,Petrol,SEMI AUTO,Bridlington,Tue 20th Jan,18:00,20/07/2009,2009,92000,TBC,TBC,,,Margin,, ,1.0,,https://www.bridlingtonmotorauction.co.uk/motorvehicleinspectionreport/standard/3635.pdf,,,,"{'Additional Information': {'MOT Due': '01/07/2026', 'Body Style': 'Hatchback', 'BHP': ['67.0', '67.0'], 'Gross Weight': '1190', 'Euro Status': '4', 'Euro': '4', 'CO2': '107', 'MPG Combined': '61.4', 'MPG Urban': '51.4', 'MPG Extra Urban': '68.9'}}",SILVER,,"£1,700.00",£900.00,"£1,300.00",,{},,5,,01/07/2026,4
BMA,23,East Anglian Motor Auctions,VAUXHALL CORSA ecoFLEX Energy [AC],FJ66ZXF,VAUXHALL,CORSA,ecoFLEX Energy [AC],78,Hatchback,Petrol,MANUAL,Bridlington,Tue 20th Jan,18:00,08/09/2016,2016,119516,Not Warranted,Buyer To Apply,,,Margin,,2,1.4,,https://www.bridlingtonmotorauction.co.uk/motorvehicleinspectionreport/standard/3433.pdf,"https://filestore-test-public.s3.eu-west-1.amazonaws.com/motorvehicle/3433/images/1765460627_Wpqp8j.jpg, https://filestore-test-public.s3.eu-west-1.amazonaws.com/motorvehicle/3433/images/1765460633_FB1qcm.jpg, https://filestore-test-public.s3.eu-west-1.amazonaws.com/motorvehicle/3433/images/1765460639_0duzDa.jpg, https://filestore-test-public.s3.eu-west-1.amazonaws.com/motorvehicle/3433/images/1765460647_1SFgE7.jpg, https://filestore-test-public.s3.eu-west-1.amazonaws.com/motorvehicle/3433/images/1765460657_iQ5Uf9.jpg, https://filestore-test-public.s3.eu-west-1.amazonaws.com/motorvehicle/3433/images/1765460666_GxGFGP.jpg, https://filestore-test-public.s3.eu-west-1.amazonaws.com/motorvehicle/3433/images/1765460672_GZdGXs.jpg, https://filestore-test-public.s3.eu-west-1.amazonaws.com/motorvehicle/3433/images/1765460683_5mgZN9.jpg, https://filestore-test-public.s3.eu-west-1.amazonaws.com/motorvehicle/3433/images/1765460692_cqjeNW.jpg",,,"{'Additional Information': {'MOT Due': '30/09/2026', 'Former Keepers': '2', 'Body Style': 'Hatchback', 'BHP': ['74', '74'], 'Gross Weight': '1585', 'Euro Status': '6', 'Euro': '6', 'CO2': '118', 'MPG Combined': '55.4', 'MPG Urban': '41.5', 'MPG Extra Urban': '68.9'}}",WHITE,,"£1,725.00",£950.00,"£1,300.00",,{},,3,,30/09/2026,6
BMA,23,East Anglian Motor Auctions,TOYOTA AYGO VVT-i Black,FV07RYR,TOYOTA,AYGO,VVT-i Black,6,Hatchback,Petrol,MANUAL,Bridlington,Tue 20th Jan,18:00,29/05/2007,2007,131393,Not Warranted,Here,,,Margin,,3,1.0,,https://www.bridlingtonmotorauction.co.uk/motorvehicleinspectionreport/standard/3430.pdf,"https://filestore-test-public.s3.eu-west-1.amazonaws.com/motorvehicle/3430/images/1765380253_8qzpiA.jpg, https://filestore-test-public.s3.eu-west-1.amazonaws.com/motorvehicle/3430/images/1765380259_2kmUYu.jpg, https://filestore-test-public.s3.eu-west-1.amazonaws.com/motorvehicle/3430/images/1765380264_iMHrVt.jpg, https://filestore-test-public.s3.eu-west-1.amazonaws.com/motorvehicle/3430/images/1765380280_oyPgFa.jpg, https://filestore-test-public.s3.eu-west-1.amazonaws.com/motorvehicle/3430/images/1765380282_hff2Lu.jpg, https://filestore-test-public.s3.eu-west-1.amazonaws.com/motorvehicle/3430/images/1765380283_WBFYN3.jpg, https://filestore-test-public.s3.eu-west-1.amazonaws.com/motorvehicle/3430/images/1765380297_AHoqzh.jpg, https://filestore-test-public.s3.eu-west-1.amazonaws.com/motorvehicle/3430/images/1765380302_mjtZ7N.jpg, https://filestore-test-public.s3.eu-west-1.amazonaws.com/motorvehicle/3430/images/1765380303_lUgLAW.jpg, https://filestore-test-public.s3.eu-west-1.amazonaws.com/motorvehicle/3430/images/1765380307_fCUhTM.jpg",,,"{'Additional Information': {'MOT Due': 'Expired', 'Former Keepers': '3', 'Body Style': 'Hatchback', 'BHP': ['68', '68'], 'Gross Weight': '1190', 'Euro Status': '4', 'Euro': '4', 'CO2': '109', 'MPG Combined': '61.4', 'MPG Urban': '51.4', 'MPG Extra Urban': '68.9'}}",BLACK,,£350.00,£150.00,£150.00,,{},,5,,Expired,4
BMA,23,East Anglian Motor Auctions,VOLKSWAGEN GOLF TDI 105 S,FY13YXC,VOLKSWAGEN,GOLF,TDI 105 S,40,Hatchback,Diesel,MANUAL,Bridlington,Tue 20th Jan,18:00,08/04/2013,2013,87561,Warranted,Here,,,Margin,,2,1.6,,https://www.bridlingtonmotorauction.co.uk/motorvehicleinspectionreport/standard/3491.pdf,"https://filestore-test-public.s3.eu-west-1.amazonaws.com/motorvehicle/3491/1767709526_zTTDOr.jpg, https://filestore-test-public.s3.eu-west-1.amazonaws.com/motorvehicle/3491/1767709526_DgZwR7.jpg, https://filestore-test-public.s3.eu-west-1.amazonaws.com/motorvehicle/3491/1767709526_SyS4fb.jpg, https://filestore-test-public.s3.eu-west-1.amazonaws.com/motorvehicle/3491/1767709527_wfMjJz.jpg, https://filestore-test-public.s3.eu-west-1.amazonaws.com/motorvehicle/3491/1767709526_c2I17Q.jpg, https://filestore-test-public.s3.eu-west-1.amazonaws.com/motorvehicle/3491/1767709525_Rb3vkd.jpg, https://filestore-test-public.s3.eu-west-1.amazonaws.com/motorvehicle/3491/1767709526_yuCsKc.jpg, https://filestore-test-public.s3.eu-west-1.amazonaws.com/motorvehicle/3491/1767709526_JS98E8.jpg, https://filestore-test-public.s3.eu-west-1.amazonaws.com/motorvehicle/3491/1767709527_tNKo6U.jpg",,,"{'Additional Information': {'MOT Due': '07/04/2026', 'Former Keepers': '2', 'Body Style': 'Hatchback', 'BHP': ['103', '103'], 'Gross Weight': '1850', 'Euro Status': '5', 'Euro': '5', 'CO2': '99', 'MPG Combined': '74.3', 'MPG Urban': '61.4', 'MPG Extra Urban': '85.6'}}",BLUE,,"£3,475.00","£2,500.00","£2,975.00",,{},,5,,07/04/2026,5
BMA,23,East Anglian Motor Auctions,SKODA FABIA TDI CR GreenLine II,GK14GZJ,SKODA,FABIA,TDI CR GreenLine II,16,Hatchback,Diesel,MANUAL,Bridlington,Tue 20th Jan,18:00,01/03/2014,2014,122004,Not Warranted,Here,,,Margin,,1,1.2,,https://www.bridlingtonmotorauction.co.uk/motorvehicleinspectionreport/standard/3615.pdf,"https://filestore-test-public.s3.eu-west-1.amazonaws.com/motorvehicle/3615/images/1768309567_zKqLXl.jpg, https://filestore-test-public.s3.eu-west-1.amazonaws.com/motorvehicle/3615/images/1768309575_trySyX.jpg, https://filestore-test-public.s3.eu-west-1.amazonaws.com/motorvehicle/3615/images/1768309583_Jk8QpV.jpg, https://filestore-test-public.s3.eu-west-1.amazonaws.com/motorvehicle/3615/images/1768309590_lqQGvB.jpg, https://filestore-test-public.s3.eu-west-1.amazonaws.com/motorvehicle/3615/images/1768309598_UWXRsM.jpg",,,"{'Additional Information': {'MOT Due': '26/01/2026', 'Former Keepers': '1', 'Body Style': 'Hatchback', 'BHP': ['75', '75'], 'Gross Weight': '1658', 'Euro Status': '5', 'Euro': '5', 'CO2': '88', 'MPG Combined': '83.1', 'MPG Urban': '68.9', 'MPG Extra Urban': '94.2'}}",GREY,,"£1,000.00",£250.00,£600.00,,{},,5,,26/01/2026,5
BMA,23,East Anglian Motor Auctions,VOLKSWAGEN BEETLE Luna,HJ57TVW,VOLKSWAGEN,BEETLE,Luna,18,Convertible,Petrol,MANUAL,Bridlington,Tue 20th Jan,18:00,04/09/2007,2007,86142,Not Warranted,Here,,,Margin,, ,1.4,,https://www.bridlingtonmotorauction.co.uk/motorvehicleinspectionreport/standard/3606.pdf,"https://filestore-test-public.s3.eu-west-1.amazonaws.com/motorvehicle/3606/images/1768310382_w0XEZL.jpg, https://filestore-test-public.s3.eu-west-1.amazonaws.com/motorvehicle/3606/images/1768310390_QJINNO.jpg, https://filestore-test-public.s3.eu-west-1.amazonaws.com/motorvehicle/3606/images/1768310398_iPUi6i.jpg, https://filestore-test-public.s3.eu-west-1.amazonaws.com/motorvehicle/3606/images/1768310404_Zum2Zk.jpg, https://filestore-test-public.s3.eu-west-1.amazonaws.com/motorvehicle/3606/images/1768310411_0lnt20.jpg, https://filestore-test-public.s3.eu-west-1.amazonaws.com/motorvehicle/3606/images/1768310418_r1vaHP.jpg, https://filestore-test-public.s3.eu-west-1.amazonaws.com/motorvehicle/3606/images/1768310424_AXHvGS.jpg",,,"{'Additional Information': {'MOT Due': '26/07/2026', 'Body Style': 'Convertible', 'BHP': ['75', '75'], 'Gross Weight': '1750', 'CO2': '171', 'MPG Combined': '39.2', 'MPG Urban': '29.4', 'MPG Extra Urban': '47.9'}}",SILVER,,£390.00,£150.00,£150.00,,{},,2,,26/07/2026, 
BMA,23,East Anglian Motor Auctions,RENAULT KADJAR dCi Signature Nav,HV66UWW,RENAULT,KADJAR,dCi Signature Nav,70,Hatchback,Diesel,MANUAL,Bridlington,Tue 20th Jan,18:00,27/09/2016,2016,83012,Not Warranted,Here,,,Margin,, ,1.6,,https://www.bridlingtonmotorauction.co.uk/motorvehicleinspectionreport/standard/3343.pdf,"https://filestore-test-public.s3.eu-west-1.amazonaws.com/motorvehicle/3343/images/1764769809_AG68dc.jpg, https://filestore-test-public.s3.eu-west-1.amazonaws.com/motorvehicle/3343/images/1764769815_f9DzGa.jpg, https://filestore-test-public.s3.eu-west-1.amazonaws.com/motorvehicle/3343/images/1764769846_0Ov40l.jpg, https://filestore-test-public.s3.eu-west-1.amazonaws.com/motorvehicle/3343/images/1764769853_olBHPM.jpg, https://filestore-test-public.s3.eu-west-1.amazonaws.com/motorvehicle/3343/images/1764769864_fczMb6.jpg, https://filestore-test-public.s3.eu-west-1.amazonaws.com/motorvehicle/3343/images/1764769873_czSd26.jpg, https://filestore-test-public.s3.eu-west-1.amazonaws.com/motorvehicle/3343/images/1764769880_jUdcQ8.jpg, https://filestore-test-public.s3.eu-west-1.amazonaws.com/motorvehicle/3343/images/1764769889_30uWrX.jpg, https://filestore-test-public.s3.eu-west-1.amazonaws.com/motorvehicle/3343/images/1764769894_yFkRZh.jpg, https://filestore-test-public.s3.eu-west-1.amazonaws.com/motorvehicle/3343/images/1764769903_u7RyeG.jpg",,,"{'Additional Information': {'MOT Due': '09/11/2026', 'Body Style': 'Hatchback', 'BHP': ['129', '129'], 'Gross Weight': '1972', 'Euro Status': '6', 'Euro': '6', 'CO2': '117', 'MPG Combined': '62.8', 'MPG Urban': '55.4', 'MPG Extra Urban': '68.9'}}",BLACK,,"£4,100.00","£2,875.00","£3,475.00",,{},,5,,09/11/2026,6
BMA,23,East Anglian Motor Auctions,MITSUBISHI OUTLANDER PHEV GX4h Auto,KD15YNF,MITSUBISHI,OUTLANDER,PHEV GX4h Auto,62,Estate,Hybrid Electric,SEMI AUTO,Bridlington,Tue 20th Jan,18:00,21/08/2015,2015,116487,Warranted,TBC,,,Margin,, ,2.0,,https://www.bridlingtonmotorauction.co.uk/motorvehicleinspectionreport/standard/3318.pdf,"https://filestore-test-public.s3.eu-west-1.amazonaws.com/motorvehicle/3318/images/1764668549_NfgigU.jpg, https://filestore-test-public.s3.eu-west-1.amazonaws.com/motorvehicle/3318/images/1764668557_yNChMq.jpg, https://filestore-test-public.s3.eu-west-1.amazonaws.com/motorvehicle/3318/images/1764668567_tIoNPR.jpg, https://filestore-test-public.s3.eu-west-1.amazonaws.com/motorvehicle/3318/images/1764668578_W8GzJE.jpg, https://filestore-test-public.s3.eu-west-1.amazonaws.com/motorvehicle/3318/images/1764668583_rblHjd.jpg, https://filestore-test-public.s3.eu-west-1.amazonaws.com/motorvehicle/3318/images/1764668592_TayXs2.jpg, https://filestore-test-public.s3.eu-west-1.amazonaws.com/motorvehicle/3318/images/1764668599_2aPvgS.jpg, https://filestore-test-public.s3.eu-west-1.amazonaws.com/motorvehicle/3318/images/1764668606_YxDPcE.jpg, https://filestore-test-public.s3.eu-west-1.amazonaws.com/motorvehicle/3318/images/1764668613_nSgfYB.jpg",,,"{'Additional Information': {'MOT Due': '02/11/2026', 'Body Style': 'Estate', 'Gross Weight': '2310', 'Euro Status': '5', 'Euro': '5', 'CO2': '44'}}",GREY,,"£4,375.00","£3,100.00","£3,750.00",,{},,5,,02/11/2026,5
BMA,23,East Anglian Motor Auctions,PEUGEOT 207 HDi 90 Sport,KM59DFC,PEUGEOT,207,HDi 90 Sport,(tbc),Estate,Diesel,MANUAL,Bridlington,Tue 20th Jan,18:00,18/11/2009,2009,,TBC,TBC,,,Margin,, ,1.6,,https://www.bridlingtonmotorauction.co.uk/motorvehicleinspectionreport/standard/3638.pdf,"https://filestore-test-public.s3.eu-west-1.amazonaws.com/motorvehicle/3638/images/1768405381_vDzYY9.jpg, https://filestore-test-public.s3.eu-west-1.amazonaws.com/motorvehicle/3638/images/1768405390_YYbk9j.jpg, https://filestore-test-public.s3.eu-west-1.amazonaws.com/motorvehicle/3638/images/1768405398_Waz82b.jpg, https://filestore-test-public.s3.eu-west-1.amazonaws.com/motorvehicle/3638/images/1768405404_CgLAAL.jpg, https://filestore-test-public.s3.eu-west-1.amazonaws.com/motorvehicle/3638/images/1768405412_jHBUWP.jpg, https://filestore-test-public.s3.eu-west-1.amazonaws.com/motorvehicle/3638/images/1768405417_rbqYsw.jpg, https://filestore-test-public.s3.eu-west-1.amazonaws.com/motorvehicle/3638/images/1768405428_Nm6HrT.jpg",,,"{'Additional Information': {'MOT Due': '11/07/2026', 'Body Style': 'Estate', 'BHP': ['90', '90'], 'Gross Weight': '1741', 'Euro Status': '4', 'Euro': '4', 'CO2': '119', 'MPG Combined': '62.8', 'MPG Urban': '49.6', 'MPG Extra Urban': '72.4'}}",SILVER,,£0.00,£0.00,£0.00,,{},,5,,11/07/2026,4
BMA,23,East Anglian Motor Auctions,PEUGEOT 3008 BlueHDi 120 GT Line,KN17RNU,PEUGEOT,3008,BlueHDi 120 GT Line,41,Hatchback,Diesel,MANUAL,Bridlington,Tue 20th Jan,18:00,21/03/2017,2017,90820,Warranted,Here,,,Margin,, ,1.6,,https://www.bridlingtonmotorauction.co.uk/motorvehicleinspectionreport/standard/3614.pdf,"https://filestore-test-public.s3.eu-west-1.amazonaws.com/motorvehicle/3614/images/1768304623_oUFLA0.jpg, https://filestore-test-public.s3.eu-west-1.amazonaws.com/motorvehicle/3614/images/1768304632_G5AqOH.jpg, https://filestore-test-public.s3.eu-west-1.amazonaws.com/motorvehicle/3614/images/1768304637_BthcHU.jpg, https://filestore-test-public.s3.eu-west-1.amazonaws.com/motorvehicle/3614/images/1768304641_V6IxIT.jpg, https://filestore-test-public.s3.eu-west-1.amazonaws.com/motorvehicle/3614/images/1768304651_ZKiWdM.jpg",,,"{'Additional Information': {'MOT Due': '08/10/2026', 'Body Style': 'Hatchback', 'BHP': ['120', '120'], 'Gross Weight': '1970', 'Euro Status': '6', 'Euro': '6', 'CO2': '104', 'MPG Combined': '70.6', 'MPG Urban': '60.1', 'MPG Extra Urban': '80.7'}}",BLACK,,"£5,875.00","£4,325.00","£5,100.00",,{},,5,,08/10/2026,6
BMA,23,East Anglian Motor Auctions,FORD MONDEO TDCi Titanium,KV09SWZ,FORD,MONDEO,TDCi Titanium,10,Hatchback,Diesel,MANUAL,Bridlington,Tue 20th Jan,18:00,27/04/2009,2009,144260,Not Warranted,Here,,,Margin,,2,2.0,,https://www.bridlingtonmotorauction.co.uk/motorvehicleinspectionreport/standard/3560.pdf,"https://filestore-test-public.s3.eu-west-1.amazonaws.com/motorvehicle/3560/images/1767882427_e5lsKf.jpg, https://filestore-test-public.s3.eu-west-1.amazonaws.com/motorvehicle/3560/images/1767882436_UiNRsa.jpg, https://filestore-test-public.s3.eu-west-1.amazonaws.com/motorvehicle/3560/images/1767882444_7iGhlo.jpg, https://filestore-test-public.s3.eu-west-1.amazonaws.com/motorvehicle/3560/images/1767882450_XbBiOS.jpg, https://filestore-test-public.s3.eu-west-1.amazonaws.com/motorvehicle/3560/images/1767882459_Uylpoy.jpg, https://filestore-test-public.s3.eu-west-1.amazonaws.com/motorvehicle/3560/images/1767882464_LjwbFz.jpg, https://filestore-test-public.s3.eu-west-1.amazonaws.com/motorvehicle/3560/images/1767882471_qtdCUi.jpg, https://filestore-test-public.s3.eu-west-1.amazonaws.com/motorvehicle/3560/images/1767882477_TBRrx7.jpg, https://filestore-test-public.s3.eu-west-1.amazonaws.com/motorvehicle/3560/images/1767882482_Lq4LSH.jpg, https://filestore-test-public.s3.eu-west-1.amazonaws.com/motorvehicle/3560/images/1767882489_weBrhh.jpg, https://filestore-test-public.s3.eu-west-1.amazonaws.com/motorvehicle/3560/images/1767882494_ii3Ldz.jpg, https://filestore-test-public.s3.eu-west-1.amazonaws.com/motorvehicle/3560/images/1767882500_myrJ24.jpg, https://filestore-test-public.s3.eu-west-1.amazonaws.com/motorvehicle/3560/images/1767882504_ODEyV7.jpg",,,"{'Additional Information': {'MOT Due': 'Expired', 'Former Keepers': '2', 'Body Style': 'Hatchback', 'BHP': ['140', '140'], 'Gross Weight': '2170', 'Euro Status': '4', 'Euro': '4', 'CO2': '156', 'MPG Combined': '47.9', 'MPG Urban': '37.2', 'MPG Extra Urban': '57.7'}}",BLACK,,£550.00,£150.00,£160.00,,{},,5,,Expired,4
BMA,23,East Anglian Motor Auctions,CITROEN GRAND C4 PICASSO BlueHDi Exclusive EAT6,KW15EVL,CITROEN,GRAND C4 PICASSO,BlueHDi Exclusive EAT6,28,MPV,Diesel,AUTOMATIC,Bridlington,Tue 20th Jan,18:00,02/06/2015,2015,119642,Not Warranted,Here,,,Margin,, ,2.0,,https://www.bridlingtonmotorauction.co.uk/motorvehicleinspectionreport/standard/3588.pdf,"https://filestore-test-public.s3.eu-west-1.amazonaws.com/motorvehicle/3588/images/1768220329_IVZGiF.jpg, https://filestore-test-public.s3.eu-west-1.amazonaws.com/motorvehicle/3588/images/1768220338_8Z4AIx.jpg, https://filestore-test-public.s3.eu-west-1.amazonaws.com/motorvehicle/3588/images/1768220344_TvTbiv.jpg, https://filestore-test-public.s3.eu-west-1.amazonaws.com/motorvehicle/3588/images/1768220351_fCdDcn.jpg, https://filestore-test-public.s3.eu-west-1.amazonaws.com/motorvehicle/3588/images/1768220361_3KXTPu.jpg, https://filestore-test-public.s3.eu-west-1.amazonaws.com/motorvehicle/3588/images/1768220368_yWfGBh.jpg, https://filestore-test-public.s3.eu-west-1.amazonaws.com/motorvehicle/3588/images/1768220372_eX4xuz.jpg, https://filestore-test-public.s3.eu-west-1.amazonaws.com/motorvehicle/3588/images/1768220380_t2qvSO.jpg, https://filestore-test-public.s3.eu-west-1.amazonaws.com/motorvehicle/3588/images/1768220385_QbXrCe.jpg",,,"{'Additional Information': {'MOT Due': '10/11/2026', 'Body Style': 'MPV', 'BHP': ['148', '148'], 'Gross Weight': '2280', 'Euro Status': '6', 'Euro': '6', 'CO2': '112', 'MPG Combined': '62.8', 'MPG Urban': '54.3', 'MPG Extra Urban': '68.9'}}",GREY,,"£2,700.00","£1,825.00","£2,275.00",,{},,5,,10/11/2026,6
BMA,23,East Anglian Motor Auctions,SUZUKI VITARA Boosterjet SZ5 ALLGRIP,KW69ONP,SUZUKI,VITARA,Boosterjet SZ5 ALLGRIP,58,Hatchback,Petrol,MANUAL,Bridlington,Tue 20th Jan,18:00,09/12/2019,2019,111366,Warranted,Here,,,Margin,,1,1.4,,https://www.bridlingtonmotorauction.co.uk/motorvehicleinspectionreport/standard/3181.pdf,"https://filestore-test-public.s3.eu-west-1.amazonaws.com/motorvehicle/3181/images/1763649489_tIdPsg.jpg, https://filestore-test-public.s3.eu-west-1.amazonaws.com/motorvehicle/3181/images/1763649499_snNi35.jpg, https://filestore-test-public.s3.eu-west-1.amazonaws.com/motorvehicle/3181/images/1763649507_gaJER9.jpg, https://filestore-test-public.s3.eu-west-1.amazonaws.com/motorvehicle/3181/images/1763649512_TN5b2K.jpg, https://filestore-test-public.s3.eu-west-1.amazonaws.com/motorvehicle/3181/images/1763649522_FuZ1M9.jpg, https://filestore-test-public.s3.eu-west-1.amazonaws.com/motorvehicle/3181/images/1763649532_BPI1g0.jpg, https://filestore-test-public.s3.eu-west-1.amazonaws.com/motorvehicle/3181/images/1763649545_nelxH5.jpg",,,"{'Additional Information': {'MOT Due': 'Expired', 'Former Keepers': '1', 'Body Style': 'Hatchback', 'BHP': ['138', '138'], 'Gross Weight': '1730', 'Euro Status': '6', 'Euro': '6', 'CO2': '138', 'MPG Combined': '38.2', 'MPG Urban': '40.3', 'MPG Extra Urban': '51.3'}}",BLACK,,"£7,300.00","£5,550.00","£6,400.00",,{},,5,,Expired,6
BMA,23,East Anglian Motor Auctions,SUZUKI SX4 GLX,KY06VLS,SUZUKI,SX4,GLX,17,Hatchback,Petrol,MANUAL,Bridlington,Tue 20th Jan,18:00,01/03/2006,2006,80035,Warranted,TBC,,,Margin,,2,1.6,,https://www.bridlingtonmotorauction.co.uk/motorvehicleinspectionreport/standard/3474.pdf,"https://filestore-test-public.s3.eu-west-1.amazonaws.com/motorvehicle/3474/images/1765809036_NYA7bo.jpg, https://filestore-test-public.s3.eu-west-1.amazonaws.com/motorvehicle/3474/images/1765809042_nIlos1.jpg, https://filestore-test-public.s3.eu-west-1.amazonaws.com/motorvehicle/3474/images/1765809048_D2PrxB.jpg, https://filestore-test-public.s3.eu-west-1.amazonaws.com/motorvehicle/3474/images/1765809056_lLMviY.jpg, https://filestore-test-public.s3.eu-west-1.amazonaws.com/motorvehicle/3474/images/1765809066_QSaX5D.jpg, https://filestore-test-public.s3.eu-west-1.amazonaws.com/motorvehicle/3474/images/1765809070_pZFliG.jpg",,,"{'Additional Information': {'MOT Due': 'Expired', 'Former Keepers': '2', 'Body Style': 'Hatchback', 'BHP': ['106', '106'], 'Gross Weight': '1650', 'Euro Status': '4', 'Euro': '4', 'CO2': '165', 'MPG Combined': '41.5', 'MPG Urban': '33.2', 'MPG Extra Urban': '48.7'}}",BLUE,,£570.00,£150.00,£200.00,,{},,5,,Expired,4
BMA,23,East Anglian Motor Auctions,KIA CEED CRDi 3,LC13CKX,KIA,CEED,CRDi 3,(tbc),Estate,Diesel,MANUAL,Bridlington,Tue 20th Jan,18:00,03/06/2013,2013,136000,TBC,TBC,,,Margin,,3,1.6,,https://www.bridlingtonmotorauction.co.uk/motorvehicleinspectionreport/standard/3636.pdf,"https://filestore-test-public.s3.eu-west-1.amazonaws.com/motorvehicle/3636/images/1768396684_sjQ3t9.jpg, https://filestore-test-public.s3.eu-west-1.amazonaws.com/motorvehicle/3636/images/1768396692_pgjpDN.jpg, https://filestore-test-public.s3.eu-west-1.amazonaws.com/motorvehicle/3636/images/1768396706_FYCGFD.jpg, https://filestore-test-public.s3.eu-west-1.amazonaws.com/motorvehicle/3636/images/1768396712_KTPWB8.jpg, https://filestore-test-public.s3.eu-west-1.amazonaws.com/motorvehicle/3636/images/1768396752_v8wxWw.jpg, https://filestore-test-public.s3.eu-west-1.amazonaws.com/motorvehicle/3636/images/1768396768_qpUXv5.jpg",,,"{'Additional Information': {'MOT Due': '24/06/2026', 'Former Keepers': '3', 'Body Style': 'Estate', 'BHP': ['126.0', '126.0'], 'Gross Weight': '1468', 'Euro Status': '5', 'Euro': '5', 'CO2': '116', 'MPG Combined': '64.2', 'MPG Urban': '53.3', 'MPG Extra Urban': '70.6'}}",SILVER,,"£1,500.00",£700.00,"£1,100.00",,{},,5,,24/06/2026,5
BMA,23,East Anglian Motor Auctions,FIAT DUCATO AUTOTRAIL CHEYENNE 584 4 BERTH MOTORHOME,N625CJO,FIAT,DUCATO AUTOTRAIL CHEYENNE 584,4 BERTH MOTORHOME,96,Motor Caravan,Diesel,,Bridlington,Tue 20th Jan,18:00,23/11/1995,1995,76757,Not Warranted,Here,,,Margin,, ,2.5,,https://www.bridlingtonmotorauction.co.uk/motorvehicleinspectionreport/standard/3460.pdf,"https://filestore-test-public.s3.eu-west-1.amazonaws.com/motorvehicle/3460/images/1765552767_VIK2dY.jpg, https://filestore-test-public.s3.eu-west-1.amazonaws.com/motorvehicle/3460/images/1765552768_AQoJgd.jpg, https://filestore-test-public.s3.eu-west-1.amazonaws.com/motorvehicle/3460/images/1765552770_JSPOQu.jpg, https://filestore-test-public.s3.eu-west-1.amazonaws.com/motorvehicle/3460/images/1765552771_WiTB3I.jpg, https://filestore-test-public.s3.eu-west-1.amazonaws.com/motorvehicle/3460/images/1765552773_Tn5IUO.jpg, https://filestore-test-public.s3.eu-west-1.amazonaws.com/motorvehicle/3460/images/1765552774_oTGnQN.jpg, https://filestore-test-public.s3.eu-west-1.amazonaws.com/motorvehicle/3460/images/1765552776_GYrLUv.jpg, https://filestore-test-public.s3.eu-west-1.amazonaws.com/motorvehicle/3460/images/1765552777_CtHvyT.jpg, https://filestore-test-public.s3.eu-west-1.amazonaws.com/motorvehicle/3460/images/1765552779_47Lm6l.jpg, https://filestore-test-public.s3.eu-west-1.amazonaws.com/motorvehicle/3460/images/1765552781_yaMyYs.jpg, https://filestore-test-public.s3.eu-west-1.amazonaws.com/motorvehicle/3460/images/1765552782_qR3VQF.jpg",,,"{'Additional Information': {'MOT Due': '02/07/2026', 'Body Style': 'Motor Caravan'}}",WHITE,,£0.00,£0.00,£0.00,,{},,,,02/07/2026, 
BMA,23,East Anglian Motor Auctions,FORD MONDEO TDCi Zetec,NA09NNU,FORD,MONDEO,TDCi Zetec,2,Hatchback,Diesel,MANUAL,Bridlington,Tue 20th Jan,18:00,09/04/2009,2009,177258,Not Warranted,Here,,,Margin,, ,2.0,,https://www.bridlingtonmotorauction.co.uk/motorvehicleinspectionreport/standard/3554.pdf,"https://filestore-test-public.s3.eu-west-1.amazonaws.com/motorvehicle/3554/images/1767709912_XPYXcw.jpg, https://filestore-test-public.s3.eu-west-1.amazonaws.com/motorvehicle/3554/images/1767709916_Z9WM7C.jpg, https://filestore-test-public.s3.eu-west-1.amazonaws.com/motorvehicle/3554/images/1767709925_1CGg4M.jpg, https://filestore-test-public.s3.eu-west-1.amazonaws.com/motorvehicle/3554/images/1767709931_Bidau2.jpg, https://filestore-test-public.s3.eu-west-1.amazonaws.com/motorvehicle/3554/images/1767709940_G2RZW3.jpg, https://filestore-test-public.s3.eu-west-1.amazonaws.com/motorvehicle/3554/images/1767709946_sSOH3A.jpg, https://filestore-test-public.s3.eu-west-1.amazonaws.com/motorvehicle/3554/images/1767709950_Eixf09.jpg",,,"{'Additional Information': {'MOT Due': '24/09/2026', 'Body Style': 'Hatchback', 'BHP': ['140', '140'], 'Gross Weight': '2170', 'Euro Status': '4', 'Euro': '4', 'CO2': '156', 'MPG Combined': '47.9', 'MPG Urban': '37.2', 'MPG Extra Urban': '57.7'}}",BLACK,,£330.00,£150.00,£150.00,,{},,5,,24/09/2026,4
BMA,23,East Anglian Motor Auctions,MITSUBISHI COLT CZC3,ND58AYA,MITSUBISHI,COLT,CZC3,4,Convertible,Petrol,MANUAL,Bridlington,Tue 20th Jan,18:00,24/10/2008,2008,56025,Warranted,Buyer To Apply,,,Margin,,2,1.5,,https://www.bridlingtonmotorauction.co.uk/motorvehicleinspectionreport/standard/3429.pdf,"https://filestore-test-public.s3.eu-west-1.amazonaws.com/motorvehicle/3429/images/1765381505_YlikBL.jpg, https://filestore-test-public.s3.eu-west-1.amazonaws.com/motorvehicle/3429/images/1765381514_1JyEel.jpg, https://filestore-test-public.s3.eu-west-1.amazonaws.com/motorvehicle/3429/images/1765381519_oyfdHl.jpg, https://filestore-test-public.s3.eu-west-1.amazonaws.com/motorvehicle/3429/images/1765381525_QBb5ee.jpg, https://filestore-test-public.s3.eu-west-1.amazonaws.com/motorvehicle/3429/images/1765381533_UIJYPZ.jpg, https://filestore-test-public.s3.eu-west-1.amazonaws.com/motorvehicle/3429/images/1765381538_FY9aDC.jpg, https://filestore-test-public.s3.eu-west-1.amazonaws.com/motorvehicle/3429/images/1765381542_ZFZc6l.jpg, https://filestore-test-public.s3.eu-west-1.amazonaws.com/motorvehicle/3429/images/1765381552_Dg73tW.jpg",,,"{'Additional Information': {'MOT Due': 'Expired', 'Former Keepers': '2', 'Body Style': 'Convertible', 'BHP': ['107', '107'], 'Gross Weight': '2510', 'Euro Status': '4', 'Euro': '4', 'CO2': '157', 'MPG Combined': '42.8', 'MPG Urban': '32.5', 'MPG Extra Urban': '52.3'}}",BLACK,,£410.00,£150.00,£150.00,,{},,2,,Expired,4
BMA,23,East Anglian Motor Auctions,VAUXHALL CORSA 1.4T Black Edition,NG14WFL,VAUXHALL,CORSA,1.4T Black Edition,25,Hatchback,Petrol,MANUAL,Bridlington,Tue 20th Jan,18:00,08/08/2014,2014,124371,Not Warranted,Here,,,Margin,, ,1.4,,https://www.bridlingtonmotorauction.co.uk/motorvehicleinspectionreport/standard/3538.pdf,"https://filestore-test-public.s3.eu-west-1.amazonaws.com/motorvehicle/3538/images/1767707563_EthekI.jpg, https://filestore-test-public.s3.eu-west-1.amazonaws.com/motorvehicle/3538/images/1767707568_ZDOA3j.jpg, https://filestore-test-public.s3.eu-west-1.amazonaws.com/motorvehicle/3538/images/1767707576_HBqCgj.jpg, https://filestore-test-public.s3.eu-west-1.amazonaws.com/motorvehicle/3538/images/1767707584_0wfq6j.jpg, https://filestore-test-public.s3.eu-west-1.amazonaws.com/motorvehicle/3538/images/1767707589_saFQiO.jpg, https://filestore-test-public.s3.eu-west-1.amazonaws.com/motorvehicle/3538/images/1767707594_KdjVzX.jpg",,,"{'Additional Information': {'MOT Due': '10/12/2026', 'Body Style': 'Hatchback', 'BHP': ['118', '118'], 'Gross Weight': '1555', 'Euro Status': '5', 'Euro': '5', 'CO2': '129', 'MPG Combined': '51.4', 'MPG Urban': '39.2', 'MPG Extra Urban': '62.8'}}",BLACK,,£850.00,£150.00,£450.00,,{},,3,,10/12/2026,5
BMA,23,East Anglian Motor Auctions,VOLKSWAGEN BEETLE DIESEL CABRIOLET TDi,NG55DJO,VOLKSWAGEN,BEETLE DIESEL CABRIOLET,TDi,14,Convertible,Diesel,MANUAL,Bridlington,Tue 20th Jan,18:00,26/11/2005,2005,99917,Not Warranted,Here,,,Margin,, ,1.9,,https://www.bridlingtonmotorauction.co.uk/motorvehicleinspectionreport/standard/3426.pdf,"https://filestore-test-public.s3.eu-west-1.amazonaws.com/motorvehicle/3426/images/1765533557_VGmcNf.jpg, https://filestore-test-public.s3.eu-west-1.amazonaws.com/motorvehicle/3426/images/1765533564_N6FuTz.jpg, https://filestore-test-public.s3.eu-west-1.amazonaws.com/motorvehicle/3426/images/1765533574_3pgPwS.jpg, https://filestore-test-public.s3.eu-west-1.amazonaws.com/motorvehicle/3426/images/1765533581_byqhxk.jpg, https://filestore-test-public.s3.eu-west-1.amazonaws.com/motorvehicle/3426/images/1765533590_p9gqXo.jpg, https://filestore-test-public.s3.eu-west-1.amazonaws.com/motorvehicle/3426/images/1765533601_SJ5QSt.jpg, https://filestore-test-public.s3.eu-west-1.amazonaws.com/motorvehicle/3426/images/1765533609_ZvnV9B.jpg, https://filestore-test-public.s3.eu-west-1.amazonaws.com/motorvehicle/3426/images/1765533614_vdZsdK.jpg, https://filestore-test-public.s3.eu-west-1.amazonaws.com/motorvehicle/3426/images/1765533627_pX3Pzb.jpg",,,"{'Additional Information': {'MOT Due': 'Expired', 'Body Style': 'Convertible', 'BHP': ['105', '105'], 'Gross Weight': '1840', 'Euro Status': '4', 'Euro': '4', 'CO2': '149', 'MPG Combined': '50.4', 'MPG Urban': '40.4', 'MPG Extra Urban': '58.9'}}",SILVER,,£0.00,£0.00,£0.00,,{},,2,,Expired,4
BMA,23,East Anglian Motor Auctions,VAUXHALL CORSA CDTi SXi [AC],NU09AYV,VAUXHALL,CORSA,CDTi SXi [AC],7,Hatchback,Diesel,MANUAL,Bridlington,Tue 20th Jan,18:00,11/03/2009,2009,78234,Not Warranted,Here,,,Margin,, ,1.2,,https://www.bridlingtonmotorauction.co.uk/motorvehicleinspectionreport/standard/3065.pdf,"https://filestore-test-public.s3.eu-west-1.amazonaws.com/motorvehicle/3065/images/1762872314_EyhLvU.jpg, https://filestore-test-public.s3.eu-west-1.amazonaws.com/motorvehicle/3065/images/1762872321_Jkbe4N.jpg, https://filestore-test-public.s3.eu-west-1.amazonaws.com/motorvehicle/3065/images/1762872326_q5G6lC.jpg, https://filestore-test-public.s3.eu-west-1.amazonaws.com/motorvehicle/3065/images/1762872332_yxSaHe.jpg, https://filestore-test-public.s3.eu-west-1.amazonaws.com/motorvehicle/3065/images/1762872344_bJwmpQ.jpg, https://filestore-test-public.s3.eu-west-1.amazonaws.com/motorvehicle/3065/images/1762872350_XLiDJB.jpg, https://filestore-test-public.s3.eu-west-1.amazonaws.com/motorvehicle/3065/images/1762872354_J4HP5X.jpg, https://filestore-test-public.s3.eu-west-1.amazonaws.com/motorvehicle/3065/images/1762872360_HzSb2P.jpg, https://filestore-test-public.s3.eu-west-1.amazonaws.com/motorvehicle/3065/images/1762872367_tWvSyx.jpg",,,"{'Additional Information': {'MOT Due': '03/11/2026', 'Body Style': 'Hatchback', 'BHP': ['89', '89'], 'Gross Weight': '1695', 'Euro Status': '4', 'Euro': '4', 'CO2': '127', 'MPG Combined': '58.9', 'MPG Urban': '45.6', 'MPG Extra Urban': '70.6'}}",BLACK,,£470.00,£150.00,£150.00,,{},,3,,03/11/2026,4
BMA,23,East Anglian Motor Auctions,VAUXHALL CORSA Limited Edition,NX14XMM,VAUXHALL,CORSA,Limited Edition,21,Hatchback,Petrol,MANUAL,Bridlington,Tue 20th Jan,18:00,06/03/2014,2014,119501,Not Warranted,Here,,,Margin,, ,1.2,,https://www.bridlingtonmotorauction.co.uk/motorvehicleinspectionreport/standard/3578.pdf,"https://filestore-test-public.s3.eu-west-1.amazonaws.com/motorvehicle/3578/images/1767886367_OyM9cO.jpg, https://filestore-test-public.s3.eu-west-1.amazonaws.com/motorvehicle/3578/images/1767886376_UOyG6g.jpg, https://filestore-test-public.s3.eu-west-1.amazonaws.com/motorvehicle/3578/images/1767886387_4LcDpL.jpg, https://filestore-test-public.s3.eu-west-1.amazonaws.com/motorvehicle/3578/images/1767886394_5mnAQw.jpg, https://filestore-test-public.s3.eu-west-1.amazonaws.com/motorvehicle/3578/images/1767886401_BfVb8J.jpg, https://filestore-test-public.s3.eu-west-1.amazonaws.com/motorvehicle/3578/images/1767886408_TmNGvN.jpg, https://filestore-test-public.s3.eu-west-1.amazonaws.com/motorvehicle/3578/images/1767886413_mtiFUG.jpg, https://filestore-test-public.s3.eu-west-1.amazonaws.com/motorvehicle/3578/images/1767886418_NoZlOJ.jpg, https://filestore-test-public.s3.eu-west-1.amazonaws.com/motorvehicle/3578/images/1767886423_ehR7cM.jpg, https://filestore-test-public.s3.eu-west-1.amazonaws.com/motorvehicle/3578/images/1767886430_q908gc.jpg, https://filestore-test-public.s3.eu-west-1.amazonaws.com/motorvehicle/3578/images/1767886438_XQhIYO.jpg",,,"{'Additional Information': {'MOT Due': '16/11/2026', 'Body Style': 'Hatchback', 'BHP': ['83', '83'], 'Gross Weight': '1585', 'Euro Status': '5', 'Euro': '5', 'CO2': '129', 'MPG Combined': '51.4', 'MPG Urban': '39.2', 'MPG Extra Urban': '62.8'}}",GREY,,"£1,000.00",£250.00,£610.00,,{},,5,,16/11/2026,5
BMA,23,East Anglian Motor Auctions,NISSAN 370Z V6 GT Edition,OY13ZZY,NISSAN,370Z,V6 GT Edition,69,Coupe,Petrol,MANUAL,Bridlington,Tue 20th Jan,18:00,24/04/2013,2013,53916,Not Warranted,Here,,,Margin,, ,3.7,,https://www.bridlingtonmotorauction.co.uk/motorvehicleinspectionreport/standard/3535.pdf,"https://filestore-test-public.s3.eu-west-1.amazonaws.com/motorvehicle/3535/images/1767694744_aPt1sM.jpg, https://filestore-test-public.s3.eu-west-1.amazonaws.com/motorvehicle/3535/images/1767694761_KPm2Hv.jpg, https://filestore-test-public.s3.eu-west-1.amazonaws.com/motorvehicle/3535/images/1767694762_EdlJXp.jpg, https://filestore-test-public.s3.eu-west-1.amazonaws.com/motorvehicle/3535/images/1767694768_cxnqoH.jpg, https://filestore-test-public.s3.eu-west-1.amazonaws.com/motorvehicle/3535/images/1767694783_xvuJrk.jpg",,,"{'Additional Information': {'MOT Due': '04/06/2026', 'Body Style': 'Coupe', 'BHP': ['328', '328'], 'Gross Weight': '1800', 'Euro Status': '5', 'Euro': '5', 'CO2': '248', 'MPG Combined': '26.7', 'MPG Urban': '18.5', 'MPG Extra Urban': '35.8'}}",WHITE,,"£10,750.00","£8,450.00","£9,600.00",,{},,3,,04/06/2026,5
BMA,23,East Anglian Motor Auctions,HONDA CR-V i-VTEC SR,RE62JXN,HONDA,CR-V,i-VTEC SR,60,Estate,Petrol,MANUAL,Bridlington,Tue 20th Jan,18:00,08/11/2012,2012,152425,Warranted,Here,,,Margin,,2,2.0,,https://www.bridlingtonmotorauction.co.uk/motorvehicleinspectionreport/standard/2665.pdf,"https://filestore-test-public.s3.eu-west-1.amazonaws.com/motorvehicle/2665/images/1760344558_DgUGD3.jpg, https://filestore-test-public.s3.eu-west-1.amazonaws.com/motorvehicle/2665/images/1760344567_u2jXh1.jpg, https://filestore-test-public.s3.eu-west-1.amazonaws.com/motorvehicle/2665/images/1760344578_Klss4A.jpg, https://filestore-test-public.s3.eu-west-1.amazonaws.com/motorvehicle/2665/images/1760344589_zzbPxd.jpg, https://filestore-test-public.s3.eu-west-1.amazonaws.com/motorvehicle/2665/images/1760344596_jWyRGx.jpg, https://filestore-test-public.s3.eu-west-1.amazonaws.com/motorvehicle/2665/images/1760344600_C4LAwD.jpg, https://filestore-test-public.s3.eu-west-1.amazonaws.com/motorvehicle/2665/images/1760344605_NGS6Nc.jpg",,,"{'Additional Information': {'Service history': 'yes', 'Service documents': 'Service Book', 'Number of stamps': '9', 'Last service date': '17/07/2025', 'Last service miles': '148,213', 'MOT Due': '20/07/2026', 'Former Keepers': '2', 'Body Style': 'Estate', 'BHP': ['153', '153'], 'Gross Weight': '2075', 'Euro Status': '5', 'Euro': '5', 'CO2': '177', 'MPG Combined': '37.2', 'MPG Urban': '30.1', 'MPG Extra Urban': '43.5'}}",GREY,,"£3,225.00","£2,250.00","£2,750.00",,{},,5,,20/07/2026,5
BMA,23,East Anglian Motor Auctions,FORD FIESTA 1.25 Zetec,SB11YTG,FORD,FIESTA,1.25 Zetec,(tbc),Hatchback,Petrol,MANUAL,Bridlington,Tue 20th Jan,18:00,22/07/2011,2011,69000,TBC,TBC,,,Margin,,2,1.2,,https://www.bridlingtonmotorauction.co.uk/motorvehicleinspectionreport/standard/3642.pdf,,,,"{'Additional Information': {'MOT Due': '08/09/2026', 'Former Keepers': '2', 'Body Style': 'Hatchback', 'BHP': ['80.5', '80.5'], 'Gross Weight': '1495', 'Euro Status': '5', 'Euro': '5', 'CO2': '129', 'MPG Combined': '50.4', 'MPG Urban': '38.2', 'MPG Extra Urban': '62.8'}}",SILVER,,"£1,825.00","£1,000.00","£1,400.00",,{},,5,,08/09/2026,5
BMA,23,East Anglian Motor Auctions,PEUGEOT RIFTER BlueHDi 100 Allure,SF70MWZ,PEUGEOT,RIFTER,BlueHDi 100 Allure,43,MPV,Diesel,MANUAL,Bridlington,Tue 20th Jan,18:00,29/10/2020,2020,66696,Warranted,Here,,,Margin,, ,1.5,,https://www.bridlingtonmotorauction.co.uk/motorvehicleinspectionreport/standard/3613.pdf,"https://filestore-test-public.s3.eu-west-1.amazonaws.com/motorvehicle/3613/images/1768319705_qScrdT.jpg, https://filestore-test-public.s3.eu-west-1.amazonaws.com/motorvehicle/3613/images/1768319718_4EvODC.jpg, https://filestore-test-public.s3.eu-west-1.amazonaws.com/motorvehicle/3613/images/1768319753_UDh1Uz.jpg, https://filestore-test-public.s3.eu-west-1.amazonaws.com/motorvehicle/3613/images/1768319760_ilNELK.jpg, https://filestore-test-public.s3.eu-west-1.amazonaws.com/motorvehicle/3613/images/1768319769_9rRdBa.jpg, https://filestore-test-public.s3.eu-west-1.amazonaws.com/motorvehicle/3613/images/1768319801_f58KC0.jpg",,,"{'Additional Information': {'MOT Due': '28/07/2026', 'Body Style': 'MPV', 'BHP': ['101', '101'], 'Gross Weight': '2100', 'Euro Status': '6', 'Euro': '6', 'CO2': '146', 'MPG Combined': '55.4', 'MPG Urban': '58.9', 'MPG Extra Urban': '70.6'}}",BRONZE,,"£9,125.00","£7,100.00","£8,125.00",,{},,5,,28/07/2026,6
BMA,23,East Anglian Motor Auctions,RENAULT CLIO TCE 90 Iconic,SH68FNX,RENAULT,CLIO,TCE 90 Iconic,57,Hatchback,Petrol,MANUAL,Bridlington,Tue 20th Jan,18:00,31/10/2018,2018,85236,Not Warranted,Buyer To Apply,,,Margin,,2,0.9,,https://www.bridlingtonmotorauction.co.uk/motorvehicleinspectionreport/standard/3555.pdf,"https://filestore-test-public.s3.eu-west-1.amazonaws.com/motorvehicle/3555/1767708907_jVA3P2.jpg, https://filestore-test-public.s3.eu-west-1.amazonaws.com/motorvehicle/3555/1767708908_T1u8v9.jpg, https://filestore-test-public.s3.eu-west-1.amazonaws.com/motorvehicle/3555/1767708908_WOjoXq.jpg, https://filestore-test-public.s3.eu-west-1.amazonaws.com/motorvehicle/3555/1767708908_TGRFZB.jpg, https://filestore-test-public.s3.eu-west-1.amazonaws.com/motorvehicle/3555/1767708908_lOWeOp.jpg",,,"{'Additional Information': {'MOT Due': 'Expired', 'Former Keepers': '2', 'Body Style': 'Hatchback', 'BHP': ['89', '89'], 'Gross Weight': '1630', 'Euro Status': '6', 'Euro': '6', 'CO2': '113', 'MPG Combined': '56.5', 'MPG Urban': '44.8', 'MPG Extra Urban': '67.3'}}",BLUE,,"£3,900.00","£2,675.00","£3,300.00",,{},,5,,Expired,6
BMA,23,East Anglian Motor Auctions,SKODA SUPERB TDI CR SE Technology DSG,SH69OGW,SKODA,SUPERB,TDI CR SE Technology DSG,71,Hatchback,Diesel,SEMI AUTO,Bridlington,Tue 20th Jan,18:00,04/12/2019,2019,98311,Not Warranted,Here,,,Margin,,1,1.6,,https://www.bridlingtonmotorauction.co.uk/motorvehicleinspectionreport/standard/3579.pdf,"https://filestore-test-public.s3.eu-west-1.amazonaws.com/motorvehicle/3579/images/1767953108_PY80tN.jpg, https://filestore-test-public.s3.eu-west-1.amazonaws.com/motorvehicle/3579/images/1767953118_bIfUhT.jpg, https://filestore-test-public.s3.eu-west-1.amazonaws.com/motorvehicle/3579/images/1767953125_mmIXEI.jpg, https://filestore-test-public.s3.eu-west-1.amazonaws.com/motorvehicle/3579/images/1767953132_r71hUq.jpg, https://filestore-test-public.s3.eu-west-1.amazonaws.com/motorvehicle/3579/images/1767953142_LhTbA0.jpg",,,"{'Additional Information': {'MOT Due': 'Expired', 'Former Keepers': '1', 'Body Style': 'Hatchback', 'BHP': ['118', '118'], 'Gross Weight': '2103', 'Euro Status': '6', 'Euro': '6', 'CO2': '110', 'MPG Combined': '49.6', 'MPG Urban': '61.4', 'MPG Extra Urban': '74.3'}}",GREY,,"£8,975.00","£6,950.00","£7,975.00",,{},,5,,Expired,6
BMA,23,East Anglian Motor Auctions,VOLKSWAGEN UP High Up,SP13VNR,VOLKSWAGEN,UP,High Up,22,Hatchback,Petrol,MANUAL,Bridlington,Tue 20th Jan,18:00,14/03/2013,2013,169956,Warranted,Here,,,Margin,,1,1.0,,https://www.bridlingtonmotorauction.co.uk/motorvehicleinspectionreport/standard/2965.pdf,"https://filestore-test-public.s3.eu-west-1.amazonaws.com/motorvehicle/2965/images/1762252097_8L6CVI.jpg, https://filestore-test-public.s3.eu-west-1.amazonaws.com/motorvehicle/2965/images/1762252099_5WkpCo.jpg, https://filestore-test-public.s3.eu-west-1.amazonaws.com/motorvehicle/2965/images/1762252101_o0ECLL.jpg, https://filestore-test-public.s3.eu-west-1.amazonaws.com/motorvehicle/2965/images/1762252103_y0f06b.jpg, https://filestore-test-public.s3.eu-west-1.amazonaws.com/motorvehicle/2965/images/1762252107_GmQNTW.jpg, https://filestore-test-public.s3.eu-west-1.amazonaws.com/motorvehicle/2965/images/1762252108_OdAuej.jpg, https://filestore-test-public.s3.eu-west-1.amazonaws.com/motorvehicle/2965/images/1762252109_OFNKOM.jpg",,,"{'Additional Information': {'MOT Due': '13/03/2026', 'Former Keepers': '1', 'Body Style': 'Hatchback', 'BHP': ['74', '74'], 'Gross Weight': '1290', 'Euro Status': '5', 'Euro': '5', 'CO2': '108', 'MPG Combined': '60.1', 'MPG Urban': '47.9', 'MPG Extra Urban': '70.6'}}",RED,,£0.00,£0.00,£0.00,,{},,5,,13/03/2026,5
BMA,23,East Anglian Motor Auctions,LAND ROVER RANGE ROVER EVOQUE TD4 HSE Dynamic Auto,ST10DPT,LAND ROVER,RANGE ROVER EVOQUE,TD4 HSE Dynamic Auto,(tbc),Estate,Diesel,AUTOMATIC,Bridlington,Tue 20th Jan,18:00,07/09/2017,2017,89000,TBC,TBC,,,Margin,,2,2.0,,https://www.bridlingtonmotorauction.co.uk/motorvehicleinspectionreport/standard/3637.pdf,,,,"{'Additional Information': {'MOT Due': '03/10/2026', 'Former Keepers': '2', 'Body Style': 'Estate', 'BHP': ['178', '178'], 'Gross Weight': '2350', 'Euro Status': '6', 'Euro': '6', 'CO2': '134', 'MPG Combined': '55.4', 'MPG Urban': '46.3', 'MPG Extra Urban': '62.8'}}",GREY,,"£6,900.00","£5,150.00","£6,025.00",,{},,5,,03/10/2026,6
BMA,23,East Anglian Motor Auctions,VOLKSWAGEN GOLF TSI GTI [Leather],ST11VEO,VOLKSWAGEN,GOLF,TSI GTI [Leather],(tbc),Hatchback,Petrol,MANUAL,Bridlington,Tue 20th Jan,18:00,27/07/2011,2011,,TBC,TBC,,,Margin,, ,2.0,,https://www.bridlingtonmotorauction.co.uk/motorvehicleinspectionreport/standard/3639.pdf,,,,"{'Additional Information': {'MOT Due': '14/05/2026', 'Body Style': 'Hatchback', 'BHP': ['210', '210'], 'Gross Weight': '1870', 'Euro Status': '5', 'Euro': '5', 'CO2': '170', 'MPG Combined': '38.7', 'MPG Urban': '28.3', 'MPG Extra Urban': '48.7'}}",WHITE,,£0.00,£0.00,£0.00,,{},,3,,14/05/2026,5
BMA,23,East Anglian Motor Auctions,LAND ROVER FREELANDER Td4 e HSE,ST59KLL,LAND ROVER,FREELANDER,Td4 e HSE,(tbc),Estate,Diesel,MANUAL,Bridlington,Tue 20th Jan,18:00,30/11/2009,2009,160000,TBC,TBC,,,Margin,, ,2.2,,https://www.bridlingtonmotorauction.co.uk/motorvehicleinspectionreport/standard/3643.pdf,,,,"{'Additional Information': {'MOT Due': '25/01/2026', 'Body Style': 'Estate', 'BHP': ['158.2', '158.2'], 'Gross Weight': '2505', 'Euro Status': '4', 'Euro': '4', 'CO2': '179', 'MPG Combined': '42.2', 'MPG Urban': '33.2', 'MPG Extra Urban': '49.6'}}",BLUE,,"£1,150.00",£400.00,£750.00,,{},,5,,25/01/2026,4
BMA,23,East Anglian Motor Auctions,KIA RIO 1.25 1,ST63EWA,KIA,RIO,1.25 1,32,Hatchback,Petrol,MANUAL,Bridlington,Tue 20th Jan,18:00,27/11/2013,2013,78843,Warranted,Here,,,Margin,,1,1.2,,https://www.bridlingtonmotorauction.co.uk/motorvehicleinspectionreport/standard/3632.pdf,"https://filestore-test-public.s3.eu-west-1.amazonaws.com/motorvehicle/3632/1768320084_HQcCVG.jpg, https://filestore-test-public.s3.eu-west-1.amazonaws.com/motorvehicle/3632/1768320084_4a19rG.jpg, https://filestore-test-public.s3.eu-west-1.amazonaws.com/motorvehicle/3632/1768320085_PF7v0d.jpg, https://filestore-test-public.s3.eu-west-1.amazonaws.com/motorvehicle/3632/1768320084_JUqEWx.jpg, https://filestore-test-public.s3.eu-west-1.amazonaws.com/motorvehicle/3632/1768320084_YQrlox.jpg",,,"{'Additional Information': {'MOT Due': '11/12/2026', 'Former Keepers': '1', 'Body Style': 'Hatchback', 'BHP': ['83', '83'], 'Gross Weight': '1560', 'Euro Status': '5', 'Euro': '5', 'CO2': '114', 'MPG Combined': '56.5', 'MPG Urban': '47.1', 'MPG Extra Urban': '65.7'}}",BLACK,,"£1,550.00",£750.00,"£1,150.00",,{},,3,,11/12/2026,5
BMA,23,East Anglian Motor Auctions,FORD KUGA TDCi 163 Titanium X Powershift,SV64WUT,FORD,KUGA,TDCi 163 Titanium X Powershift,84,Hatchback,Diesel,AUTOMATIC,Bridlington,Tue 20th Jan,18:00,30/10/2014,2014,158688,Not Warranted,Here,,,Margin,, ,2.0,,https://www.bridlingtonmotorauction.co.uk/motorvehicleinspectionreport/standard/3419.pdf,"https://filestore-test-public.s3.eu-west-1.amazonaws.com/motorvehicle/3419/images/1765799410_0ihnGD.jpg, https://filestore-test-public.s3.eu-west-1.amazonaws.com/motorvehicle/3419/images/1765799421_5sBJtn.jpg, https://filestore-test-public.s3.eu-west-1.amazonaws.com/motorvehicle/3419/images/1765799432_gwTy2H.jpg, https://filestore-test-public.s3.eu-west-1.amazonaws.com/motorvehicle/3419/images/1765799442_DczMVP.jpg, https://filestore-test-public.s3.eu-west-1.amazonaws.com/motorvehicle/3419/images/1765799451_JYo3dm.jpg, https://filestore-test-public.s3.eu-west-1.amazonaws.com/motorvehicle/3419/images/1765799458_dgb9HX.jpg, https://filestore-test-public.s3.eu-west-1.amazonaws.com/motorvehicle/3419/images/1765799466_V02h4R.jpg, https://filestore-test-public.s3.eu-west-1.amazonaws.com/motorvehicle/3419/images/1765799471_A3Ctxz.jpg, https://filestore-test-public.s3.eu-west-1.amazonaws.com/motorvehicle/3419/images/1765799482_frKfNv.jpg, https://filestore-test-public.s3.eu-west-1.amazonaws.com/motorvehicle/3419/images/1765799487_vNoUZG.jpg, https://filestore-test-public.s3.eu-west-1.amazonaws.com/motorvehicle/3419/images/1765799494_tSQR3v.jpg",,,"{'Additional Information': {'MOT Due': '16/04/2026', 'Body Style': 'Hatchback', 'BHP': ['160', '160'], 'Gross Weight': '2160', 'Euro Status': '5', 'Euro': '5', 'CO2': '159', 'MPG Combined': '45.6', 'MPG Urban': '38.2', 'MPG Extra Urban': '51.4'}}",SILVER,,"£1,650.00",£875.00,"£1,250.00",,{},,5,,16/04/2026,5
BMA,23,East Anglian Motor Auctions,MAZDA 3 Sport Nav,SY15MTU,MAZDA,3,Sport Nav,82,Saloon,Petrol,MANUAL,Bridlington,Tue 20th Jan,18:00,23/03/2015,2015,109583,Not Warranted,Here,,,Margin,,1,2.0,,https://www.bridlingtonmotorauction.co.uk/motorvehicleinspectionreport/standard/3580.pdf,"https://filestore-test-public.s3.eu-west-1.amazonaws.com/motorvehicle/3580/images/1767952308_xj3AzS.jpg, https://filestore-test-public.s3.eu-west-1.amazonaws.com/motorvehicle/3580/images/1767952316_YJSBiG.jpg, https://filestore-test-public.s3.eu-west-1.amazonaws.com/motorvehicle/3580/images/1767952326_SE4iOG.jpg, https://filestore-test-public.s3.eu-west-1.amazonaws.com/motorvehicle/3580/images/1767952331_Svnydt.jpg, https://filestore-test-public.s3.eu-west-1.amazonaws.com/motorvehicle/3580/images/1767952339_YH93wC.jpg, https://filestore-test-public.s3.eu-west-1.amazonaws.com/motorvehicle/3580/images/1767952347_kgrTcT.jpg",,,"{'Additional Information': {'MOT Due': '11/11/2026', 'Former Keepers': '1', 'Body Style': 'Saloon', 'BHP': ['118', '118'], 'Gross Weight': '1815', 'Euro Status': '5', 'Euro': '5', 'CO2': '119', 'MPG Combined': '55.4', 'MPG Urban': '43.5', 'MPG Extra Urban': '65.7'}}",WHITE,,"£4,025.00","£2,925.00","£3,450.00",,{},,4,,11/11/2026,5
BMA,23,East Anglian Motor Auctions,NISSAN NOTE dCi Tekna,VO64NVF,NISSAN,NOTE,dCi Tekna,30,MPV,Diesel,MANUAL,Bridlington,Tue 20th Jan,18:00,02/09/2014,2014,99182,Not Warranted,Here,,,Margin,, ,1.5,,https://www.bridlingtonmotorauction.co.uk/motorvehicleinspectionreport/standard/3619.pdf,"https://filestore-test-public.s3.eu-west-1.amazonaws.com/motorvehicle/3619/images/1768228420_LX7QgC.jpg, https://filestore-test-public.s3.eu-west-1.amazonaws.com/motorvehicle/3619/images/1768228428_KGeISF.jpg, https://filestore-test-public.s3.eu-west-1.amazonaws.com/motorvehicle/3619/images/1768228440_ZsiYii.jpg, https://filestore-test-public.s3.eu-west-1.amazonaws.com/motorvehicle/3619/images/1768228442_nml2PH.jpg, https://filestore-test-public.s3.eu-west-1.amazonaws.com/motorvehicle/3619/images/1768228449_ds2EMr.jpg",,,"{'Additional Information': {'MOT Due': '06/01/2027', 'Body Style': 'MPV', 'BHP': ['90', '90'], 'Gross Weight': '1615', 'Euro Status': '5', 'Euro': '5', 'CO2': '90', 'MPG Combined': '78.5', 'MPG Urban': '65.7', 'MPG Extra Urban': '88.3'}}",RED,,"£1,825.00","£1,025.00","£1,425.00",,{},,5,,06/01/2027,5
BMA,23,East Anglian Motor Auctions,VAUXHALL ASTRA CDTi 16V ecoTEC Design,VU68CBO,VAUXHALL,ASTRA,CDTi 16V ecoTEC Design,66,Estate,Diesel,MANUAL,Bridlington,Tue 20th Jan,18:00,27/11/2018,2018,82484,Not Warranted,Here,,,Margin,,1,1.6,,https://www.bridlingtonmotorauction.co.uk/motorvehicleinspectionreport/standard/3621.pdf,"https://filestore-test-public.s3.eu-west-1.amazonaws.com/motorvehicle/3621/images/1768316483_UG9gLG.jpg, https://filestore-test-public.s3.eu-west-1.amazonaws.com/motorvehicle/3621/images/1768316495_j6ak1Y.jpg, https://filestore-test-public.s3.eu-west-1.amazonaws.com/motorvehicle/3621/images/1768316500_xlPl6s.jpg, https://filestore-test-public.s3.eu-west-1.amazonaws.com/motorvehicle/3621/images/1768316507_eA0S3j.jpg, https://filestore-test-public.s3.eu-west-1.amazonaws.com/motorvehicle/3621/images/1768316516_kYzDlr.jpg",,,"{'Additional Information': {'MOT Due': 'Expired', 'Former Keepers': '1', 'Body Style': 'Estate', 'BHP': ['109', '109'], 'Gross Weight': '1930', 'Euro Status': '6', 'Euro': '6', 'CO2': '112', 'MPG Combined': '58.9', 'MPG Urban': '52.3', 'MPG Extra Urban': '78.5'}}",GREY,,"£2,800.00","£1,900.00","£2,350.00",,{},,5,,Expired,6
BMA,23,East Anglian Motor Auctions,VOLKSWAGEN CARAVELLE TDI BMT 204 Executive 4MOTION DSG,VW03JAY,VOLKSWAGEN,CARAVELLE,TDI BMT 204 Executive 4MOTION DSG,52,Van With Side Windows,Diesel,SEMI AUTO,Bridlington,Tue 20th Jan,18:00,22/06/2017,2017,62880,Warranted,Here,,,Margin,, ,2.0,,https://www.bridlingtonmotorauction.co.uk/motorvehicleinspectionreport/standard/3611.pdf,"https://filestore-test-public.s3.eu-west-1.amazonaws.com/motorvehicle/3611/images/1768323590_sp55bU.jpg, https://filestore-test-public.s3.eu-west-1.amazonaws.com/motorvehicle/3611/images/1768323602_x8fvGz.jpg, https://filestore-test-public.s3.eu-west-1.amazonaws.com/motorvehicle/3611/images/1768323615_mWevkZ.jpg, https://filestore-test-public.s3.eu-west-1.amazonaws.com/motorvehicle/3611/images/1768323620_xuLRzC.jpg, https://filestore-test-public.s3.eu-west-1.amazonaws.com/motorvehicle/3611/images/1768323631_Ia2pDz.jpg, https://filestore-test-public.s3.eu-west-1.amazonaws.com/motorvehicle/3611/images/1768323649_HLwPgC.jpg, https://filestore-test-public.s3.eu-west-1.amazonaws.com/motorvehicle/3611/images/1768323654_8nlOmO.jpg, https://filestore-test-public.s3.eu-west-1.amazonaws.com/motorvehicle/3611/images/1768323659_ElSEek.jpg, https://filestore-test-public.s3.eu-west-1.amazonaws.com/motorvehicle/3611/images/1768323667_VvJ9Cy.jpg, https://filestore-test-public.s3.eu-west-1.amazonaws.com/motorvehicle/3611/images/1768323674_Bln2ma.jpg",,,"{'Additional Information': {'MOT Due': '03/06/2026', 'Body Style': 'Van With Side Windows', 'BHP': ['201', '201'], 'Gross Weight': '3080', 'Euro Status': '6', 'Euro': '6', 'CO2': '173', 'MPG Combined': '42.8', 'MPG Urban': '37.7', 'MPG Extra Urban': '46.3'}}",BLACK,,"£24,250.00","£21,600.00","£22,900.00",,{},,5,,03/06/2026,6
BMA,23,East Anglian Motor Auctions,FORD FIESTA Ecoboost 95 Trend Van,WF70BKU,FORD,FIESTA,Ecoboost 95 Trend Van,27,Car Derived Van,Petrol,MANUAL,Bridlington,Tue 20th Jan,18:00,16/09/2020,2020,21969,Warranted,Here,,,Plus VAT,, ,1.0,,https://www.bridlingtonmotorauction.co.uk/motorvehicleinspectionreport/standard/3567.pdf,"https://filestore-test-public.s3.eu-west-1.amazonaws.com/motorvehicle/3567/images/1768230417_eFzxoA.jpg, https://filestore-test-public.s3.eu-west-1.amazonaws.com/motorvehicle/3567/images/1768230426_WC0ps7.jpg, https://filestore-test-public.s3.eu-west-1.amazonaws.com/motorvehicle/3567/images/1768230432_mNLlGH.jpg, https://filestore-test-public.s3.eu-west-1.amazonaws.com/motorvehicle/3567/images/1768230437_KzHMwb.jpg, https://filestore-test-public.s3.eu-west-1.amazonaws.com/motorvehicle/3567/images/1768230482_fdrlwj.jpg",,,"{'Additional Information': {'MOT Due': '15/09/2026', 'Body Style': 'Car Derived Van', 'BHP': ['94', '94'], 'Gross Weight': '1620', 'Euro Status': '6', 'Euro': '6', 'CO2': '97', 'MPG Combined': '54.3', 'MPG Urban': '27.7', 'MPG Extra Urban': '46.3'}}",GREEN,,"£7,450.00","£5,225.00","£6,525.00",,{},,,,15/09/2026,6
BMA,23,East Anglian Motor Auctions,NISSAN NV200 dCi Acenta Van,WG14UTO,NISSAN,NV200,dCi Acenta Van,(tbc),Car Derived Van,Diesel,MANUAL,Bridlington,Tue 20th Jan,18:00,30/05/2014,2014,87897,Not Warranted,TBC,,,Plus VAT,,1,1.5,,https://www.bridlingtonmotorauction.co.uk/motorvehicleinspectionreport/standard/3640.pdf,,,,"{'Additional Information': {'MOT Due': '29/06/2026', 'Former Keepers': '1', 'Body Style': 'Car Derived Van', 'BHP': ['90', '90'], 'Gross Weight': '2000', 'Euro Status': '5', 'Euro': '5', 'CO2': '128', 'MPG Combined': '57.7', 'MPG Urban': '49.6', 'MPG Extra Urban': '65.7'}}",WHITE,,"£1,950.00","£1,075.00","£1,550.00",,{},,,,29/06/2026,5
BMA,23,East Anglian Motor Auctions,DACIA SANDERO TCe Bi-Fuel Essential,WU70HVE,DACIA,SANDERO,TCe Bi-Fuel Essential,75,Hatchback,Gas Bi Fuel,MANUAL,Bridlington,Tue 20th Jan,18:00,27/02/2021,2021,103300,Warranted,Here,,,Margin,,1,1.0,,https://www.bridlingtonmotorauction.co.uk/motorvehicleinspectionreport/standard/3581.pdf,"https://filestore-test-public.s3.eu-west-1.amazonaws.com/motorvehicle/3581/images/1767885184_apOBD8.jpg, https://filestore-test-public.s3.eu-west-1.amazonaws.com/motorvehicle/3581/images/1767885195_5DGHAF.jpg, https://filestore-test-public.s3.eu-west-1.amazonaws.com/motorvehicle/3581/images/1767885202_5TPNWi.jpg, https://filestore-test-public.s3.eu-west-1.amazonaws.com/motorvehicle/3581/images/1767885208_wXDjah.jpg, https://filestore-test-public.s3.eu-west-1.amazonaws.com/motorvehicle/3581/images/1767885220_nAR9dQ.jpg",,,"{'Additional Information': {'MOT Due': '27/02/2026', 'Former Keepers': '1', 'Body Style': 'Hatchback', 'BHP': ['99', '99'], 'Gross Weight': '1563', 'Euro Status': '6', 'Euro': '6', 'CO2': '128', 'MPG Combined': '46.3'}}",GREY,,"£2,475.00","£1,575.00","£2,025.00",,{},,5,,27/02/2026,6
BMA,23,East Anglian Motor Auctions,TOYOTA AYGO VVT-i Ice,YF12OEZ,TOYOTA,AYGO,VVT-i Ice,86,Hatchback,Petrol,MANUAL,Bridlington,Tue 20th Jan,18:00,23/06/2012,2012,65985,Not Warranted,Here,,,Margin,,2,1.0,,https://www.bridlingtonmotorauction.co.uk/motorvehicleinspectionreport/standard/3617.pdf,"https://filestore-test-public.s3.eu-west-1.amazonaws.com/motorvehicle/3617/images/1768311641_EQiD1n.jpg, https://filestore-test-public.s3.eu-west-1.amazonaws.com/motorvehicle/3617/images/1768311649_VplYEy.jpg, https://filestore-test-public.s3.eu-west-1.amazonaws.com/motorvehicle/3617/images/1768311657_ujVsdj.jpg, https://filestore-test-public.s3.eu-west-1.amazonaws.com/motorvehicle/3617/images/1768311676_6oMYQs.jpg, https://filestore-test-public.s3.eu-west-1.amazonaws.com/motorvehicle/3617/images/1768311682_YLgTiZ.jpg",,,"{'Additional Information': {'MOT Due': 'Expired', 'Former Keepers': '2', 'Body Style': 'Hatchback', 'BHP': ['68', '68'], 'Gross Weight': '1190', 'Euro Status': '5', 'Euro': '5', 'CO2': '99', 'MPG Combined': '65.7', 'MPG Urban': '55.4', 'MPG Extra Urban': '74.3'}}",WHITE,,"£1,650.00",£875.00,"£1,250.00",,{},,5,,Expired,5
BMA,23,East Anglian Motor Auctions,FORD C-MAX TDCi Zetec,YG63ZGW,FORD,C-MAX,TDCi Zetec,(tbc),MPV,Diesel,MANUAL,Bridlington,Tue 20th Jan,18:00,30/09/2013,2013,89000,TBC,TBC,,,Margin,,1,1.6,,https://www.bridlingtonmotorauction.co.uk/motorvehicleinspectionreport/standard/3641.pdf,,,,"{'Additional Information': {'MOT Due': '17/02/2026', 'Former Keepers': '1', 'Body Style': 'MPV', 'BHP': ['113', '113'], 'Gross Weight': '1915', 'Euro Status': '5', 'Euro': '5', 'CO2': '117', 'MPG Combined': '61.4', 'MPG Urban': '52.3', 'MPG Extra Urban': '68.9'}}",BLUE,,"£1,750.00",£900.00,"£1,325.00",,{},,5,,17/02/2026,5
BMA,23,East Anglian Motor Auctions,VAUXHALL INSIGNIA 1.5T SRi Nav,YH67BDE,VAUXHALL,INSIGNIA,1.5T SRi Nav,61,Estate,Petrol,MANUAL,Bridlington,Tue 20th Jan,18:00,07/09/2017,2017,130203,Warranted,Here,,,Margin,,1,1.5,,https://www.bridlingtonmotorauction.co.uk/motorvehicleinspectionreport/standard/3607.pdf,"https://filestore-test-public.s3.eu-west-1.amazonaws.com/motorvehicle/3607/images/1768229269_0hU7cX.jpg, https://filestore-test-public.s3.eu-west-1.amazonaws.com/motorvehicle/3607/images/1768229279_oKERRh.jpg, https://filestore-test-public.s3.eu-west-1.amazonaws.com/motorvehicle/3607/images/1768229284_MSYuvX.jpg, https://filestore-test-public.s3.eu-west-1.amazonaws.com/motorvehicle/3607/images/1768229291_NxvKuw.jpg, https://filestore-test-public.s3.eu-west-1.amazonaws.com/motorvehicle/3607/images/1768229299_3GMLzx.jpg",,,"{'Additional Information': {'MOT Due': '30/10/2026', 'Former Keepers': '1', 'Body Style': 'Estate', 'BHP': ['163', '163'], 'Gross Weight': '2085', 'Euro Status': '6', 'Euro': '6', 'CO2': '139', 'MPG Combined': '46.3', 'MPG Urban': '37.7', 'MPG Extra Urban': '53.3'}}",RED,,"£3,275.00","£2,275.00","£2,775.00",,{},,5,,30/10/2026,6
BMA,23,East Anglian Motor Auctions,FORD FIESTA EcoBoost Zetec,YX16OMK,FORD,FIESTA,EcoBoost Zetec,(tbc),Hatchback,Petrol,MANUAL,Bridlington,Tue 20th Jan,18:00,30/03/2016,2016,74000,TBC,TBC,,,Margin,,1,1.0,,https://www.bridlingtonmotorauction.co.uk/motorvehicleinspectionreport/standard/3644.pdf,,,,"{'Additional Information': {'MOT Due': '29/03/2026', 'Former Keepers': '1', 'Body Style': 'Hatchback', 'BHP': ['98.6', '98.6'], 'Gross Weight': '1555', 'Euro Status': '6', 'Euro': '6', 'CO2': '99', 'MPG Combined': '65.7', 'MPG Urban': '53.3', 'MPG Extra Urban': '76.4'}}",RED,,"£2,550.00","£1,625.00","£2,075.00",,{},,5,,29/03/2026,6
BMA,23,East Anglian Motor Auctions,VOLKSWAGEN GOLF TSI EVO Match,YX19UNV,VOLKSWAGEN,GOLF,TSI EVO Match,55,Estate,Petrol,MANUAL,Bridlington,Tue 20th Jan,18:00,05/03/2019,2019,105542,Warranted,Here,,,Margin,,1,1.5,,https://www.bridlingtonmotorauction.co.uk/motorvehicleinspectionreport/standard/3468.pdf,"https://filestore-test-public.s3.eu-west-1.amazonaws.com/motorvehicle/3468/images/1765805273_CsKBtW.jpg, https://filestore-test-public.s3.eu-west-1.amazonaws.com/motorvehicle/3468/images/1765805283_xJVGzg.jpg, https://filestore-test-public.s3.eu-west-1.amazonaws.com/motorvehicle/3468/images/1765805290_JtiGN5.jpg, https://filestore-test-public.s3.eu-west-1.amazonaws.com/motorvehicle/3468/images/1765805297_Is5kXD.jpg, https://filestore-test-public.s3.eu-west-1.amazonaws.com/motorvehicle/3468/images/1765805305_AnKloR.jpg",,,"{'Additional Information': {'MOT Due': '04/03/2026', 'Former Keepers': '1', 'Body Style': 'Estate', 'BHP': ['128', '128'], 'Gross Weight': '1870', 'Euro Status': '6', 'Euro': '6', 'CO2': '113', 'MPG Combined': '46.3'}}",GREY,,"£6,550.00","£4,900.00","£5,725.00",,{},,5,,04/03/2026,6
BMA,23,East Anglian Motor Auctions,DS DS 3 THP Prestige,YX66SSZ,DS,DS 3,THP Prestige,37,Convertible,Petrol,MANUAL,Bridlington,Tue 20th Jan,18:00,21/09/2016,2016,62060,Warranted,Here,,,Margin,, ,1.6,,https://www.bridlingtonmotorauction.co.uk/motorvehicleinspectionreport/standard/3598.pdf,"https://filestore-test-public.s3.eu-west-1.amazonaws.com/motorvehicle/3598/images/1768301618_Gk0ciL.jpg, https://filestore-test-public.s3.eu-west-1.amazonaws.com/motorvehicle/3598/images/1768301626_9RsL8B.jpg, https://filestore-test-public.s3.eu-west-1.amazonaws.com/motorvehicle/3598/images/1768301632_C6cf2E.jpg, https://filestore-test-public.s3.eu-west-1.amazonaws.com/motorvehicle/3598/images/1768301639_sFkvaL.jpg, https://filestore-test-public.s3.eu-west-1.amazonaws.com/motorvehicle/3598/images/1768301645_rfHtdy.jpg, https://filestore-test-public.s3.eu-west-1.amazonaws.com/motorvehicle/3598/images/1768301649_dXMBuN.jpg, https://filestore-test-public.s3.eu-west-1.amazonaws.com/motorvehicle/3598/images/1768301655_6IVCoI.jpg, https://filestore-test-public.s3.eu-west-1.amazonaws.com/motorvehicle/3598/images/1768301659_Tbfe8T.jpg, https://filestore-test-public.s3.eu-west-1.amazonaws.com/motorvehicle/3598/images/1768301664_UGuUQy.jpg",,,"{'Additional Information': {'MOT Due': '20/09/2026', 'Body Style': 'Convertible', 'BHP': ['161', '161'], 'Gross Weight': '1630', 'Euro Status': '6', 'Euro': '6', 'CO2': '129', 'MPG Combined': '50.4', 'MPG Urban': '39.8', 'MPG Extra Urban': '61.4'}}",MAUVE/PURPLE,,"£3,225.00","£2,225.00","£2,725.00",,{},,2,,20/09/2026,6
BMA,23,East Anglian Motor Auctions,VOLKSWAGEN CADDY MAXI LIFE TDI,YX68SUO,VOLKSWAGEN,CADDY MAXI LIFE,TDI,49,MPV,Diesel,MANUAL,Bridlington,Tue 20th Jan,18:00,25/09/2018,2018,29121,Warranted,Here,,,Margin,, ,2.0,,https://www.bridlingtonmotorauction.co.uk/motorvehicleinspectionreport/standard/3616.pdf,"https://filestore-test-public.s3.eu-west-1.amazonaws.com/motorvehicle/3616/images/1768320097_rr3Wgp.jpg, https://filestore-test-public.s3.eu-west-1.amazonaws.com/motorvehicle/3616/images/1768320107_1sTnyz.jpg, https://filestore-test-public.s3.eu-west-1.amazonaws.com/motorvehicle/3616/images/1768320114_sB6KSA.jpg, https://filestore-test-public.s3.eu-west-1.amazonaws.com/motorvehicle/3616/images/1768320120_VgZcj3.jpg, https://filestore-test-public.s3.eu-west-1.amazonaws.com/motorvehicle/3616/images/1768320128_leKsB4.jpg, https://filestore-test-public.s3.eu-west-1.amazonaws.com/motorvehicle/3616/images/1768320200_Ii0YYK.jpg, https://filestore-test-public.s3.eu-west-1.amazonaws.com/motorvehicle/3616/images/1768320383_WG88k0.jpg",,,"{'Additional Information': {'MOT Due': '04/10/2026', 'Body Style': 'MPV', 'BHP': ['101', '101'], 'Gross Weight': '2350', 'Euro Status': '6', 'Euro': '6', 'CO2': '128', 'MPG Combined': '57.7', 'MPG Urban': '49.6', 'MPG Extra Urban': '64.2'}}",MAUVE/PURPLE,,"£12,750.00","£10,600.00","£11,650.00",,{},,5,,04/10/2026,6
BMA,23,East Anglian Motor Auctions,VOLVO S40 S,YY10LNW,VOLVO,S40,S,24,Saloon,Petrol,MANUAL,Bridlington,Tue 20th Jan,18:00,27/05/2010,2010,109191,Not Warranted,Here,,,Margin,,2,1.6,,https://www.bridlingtonmotorauction.co.uk/motorvehicleinspectionreport/standard/3603.pdf,"https://filestore-test-public.s3.eu-west-1.amazonaws.com/motorvehicle/3603/images/1768311066_YgFzvu.jpg, https://filestore-test-public.s3.eu-west-1.amazonaws.com/motorvehicle/3603/images/1768311075_b2iWFB.jpg, https://filestore-test-public.s3.eu-west-1.amazonaws.com/motorvehicle/3603/images/1768311082_deTnVO.jpg, https://filestore-test-public.s3.eu-west-1.amazonaws.com/motorvehicle/3603/images/1768311092_65vm6v.jpg, https://filestore-test-public.s3.eu-west-1.amazonaws.com/motorvehicle/3603/images/1768311100_QoZd1l.jpg",,,"{'Additional Information': {'MOT Due': '24/09/2026', 'Former Keepers': '2', 'Body Style': 'Saloon', 'BHP': ['100', '100'], 'Gross Weight': '1800', 'Euro Status': '4', 'Euro': '4', 'CO2': '169', 'MPG Combined': '39.8', 'MPG Urban': '30.7', 'MPG Extra Urban': '48.7'}}",SILVER,,£910.00,£200.00,£510.00,,{},,4,,24/09/2026,4
