Reg,Title,Sheet id,Auction House,Auction name,Transmission,Fuel Type,CC,Doors,Cap Clean,Cap Average,Cap Retail,Grade,Body Type,sc,Year,D.O.R,Mileage,BASE COLOUR,COLOUR,COLOUR TYPE,INTERIOR COLOUR,TRIM TYPE,Seats,Keys,V5,VAT Status,T Loss,Non Runner,IMPORTED,Vendor,Center,Features,Additional Information,Buy Now Price,Grade Link,Images,INSPECTION REPORT,Former Keepers,NO OF SERVICES,Last Service,Last Service mileage,Service History,DVSA Mileage,SERVICED BY,SERVICE RECORD TYPE,Start Time,MOT Expiry Date
AF17WWV,"SKODA
SUPERB
2.0 TDI CR SE Business 5dr",,Manheim,Lane 1 - Motor Dough / Ke...,Manual,Diesel,2.0,5,£5350,£4600,£7625,4,HatchbackGRADE 4CP GREENSC SilverView Report,CP GREEN,2017,Apr 2017,103080 Miles(Warranted),GREY,GREY,Metallic,BLACK,Part Leather,5,2,With Manheim,Margin,No,No,No,Motor Range,Leeds,"6 Speed, Air Conditioning, Auto Climate Control, Automatic Lights, Bluetooth, Cruise Control, DAB, Dual Zone Climate, Front Parking Sensors, Media Connectivity, Part Leather, Rear Parking Sensors, Sat Nav Functioning, Traction Control, CO2: 108",Sat Nav Chip,"£5,200",https://www.manheim.co.uk/nama,"http://images.manheim.co.uk/images/units/zoom/f3c55228-fb99-4025-88d3-274ea972de61_ext_7.jpg, http://images.manheim.co.uk/images/units/zoom/f3c55228-fb99-4025-88d3-274ea972de61_ext_6.jpg, http://images.manheim.co.uk/images/units/zoom/f3c55228-fb99-4025-88d3-274ea972de61_ext_1.jpg, http://images.manheim.co.uk/images/units/zoom/f3c55228-fb99-4025-88d3-274ea972de61_5.jpg, http://images.manheim.co.uk/images/units/zoom/f3c55228-fb99-4025-88d3-274ea972de61_4.jpg, http://images.manheim.co.uk/images/units/zoom/f3c55228-fb99-4025-88d3-274ea972de61_11.jpg, http://images.manheim.co.uk/images/units/zoom/f3c55228-fb99-4025-88d3-274ea972de61_10.jpg, http://images.manheim.co.uk/images/units/zoom/f3c55228-fb99-4025-88d3-274ea972de61_9.jpg, http://images.manheim.co.uk/images/units/zoom/f3c55228-fb99-4025-88d3-274ea972de61_ext_2.jpg, http://images.manheim.co.uk/images/units/zoom/f3c55228-fb99-4025-88d3-274ea972de61_ext_5.jpg, http://images.manheim.co.uk/images/units/zoom/f3c55228-fb99-4025-88d3-274ea972de61_ext_3.jpg, http://images.manheim.co.uk/images/units/zoom/f3c55228-fb99-4025-88d3-274ea972de61_ext_4.jpg, http://images.manheim.co.uk/images/units/zoom/insp-0001-2860690-4013976-13.jpg, http://images.manheim.co.uk/images/units/zoom/insp-0001-2860690-4013976-1000.jpg, http://images.manheim.co.uk/images/units/zoom/insp-0001-2860690-4013976-1001.jpg, http://images.manheim.co.uk/images/units/zoom/insp-0001-2860690-4013976-1002.jpg, http://images.manheim.co.uk/images/units/zoom/insp-0001-2860690-4013976-1003.jpg, http://images.manheim.co.uk/images/units/zoom/insp-0001-2860690-4013976-1004.jpg, http://images.manheim.co.uk/images/units/zoom/insp-0001-2860690-4013976-1005.jpg, http://images.manheim.co.uk/images/units/zoom/insp-0001-2860690-4013976-1006.jpg, http://images.manheim.co.uk/images/units/zoom/insp-0001-2860690-4013976-1007.jpg, http://images.manheim.co.uk/images/units/zoom/insp-0001-2860690-4013976-1008.jpg, http://images.manheim.co.uk/images/units/zoom/insp-0001-2860690-4013976-1009.jpg, http://images.manheim.co.uk/images/units/zoom/insp-0001-2860690-4013976-1010.jpg, http://images.manheim.co.uk/images/units/zoom/insp-0001-2860690-4013976-1011.jpg, http://images.manheim.co.uk/images/units/zoom/insp-0001-2860690-4013976-1012.jpg, http://images.manheim.co.uk/images/units/zoom/insp-0001-2860690-4013976-1013.jpg, http://images.manheim.co.uk/images/units/zoom/insp-0001-2860690-4013976-1014.jpg, http://images.manheim.co.uk/images/units/zoom/insp-0001-2860690-4013976-1015.jpg",http://ecr.manheim.co.uk/pdf/MOL-0002860690-01993660-002.pdf,3,5,22/01/2020,43573,"15/07/2025, 04/03/2023, 12/11/2022, 17/12/2021, 22/01/2020","99072, 78482, 70404, 61508, 43573","A & L components ltd, Kwik fit, kwik fit, Ray Vaughan & son ltd, Digital","Print, Print, Print, Print, Print",,Jun-26
AF68EPE,"MINI
HATCHBACK
2.0 Cooper S II 3dr",,Manheim,Lane 1 - Arval / Novuna /...,Manual,Petrol,2.0,3,£7900,£6925,£9900,3,HatchbackGRADE 3SC GoldView Report,SC Gold,2018,Sep 2018,75352 Miles(Warranted),BLACK,BLACK,Metallic,BLACK,CLOTH,4,2,With Manheim,Margin,No,No,No,FCA Group,Leeds,"6 Speed, Air Conditioning, Auto Climate Control, Automatic Lights, Automatic Wipers, Bluetooth, Cruise Control, DAB, Dual Zone Climate, Privacy Glass, Rear Parking Sensors, Sat Nav Functioning, CO2: 147",,"£6,718",https://www.manheim.co.uk/nama,"http://images.manheim.co.uk/images/units/zoom/e8ac4c82-f9e6-44cb-9bc8-75b36ea95061_ext_7.jpg, http://images.manheim.co.uk/images/units/zoom/e8ac4c82-f9e6-44cb-9bc8-75b36ea95061_ext_6.jpg, http://images.manheim.co.uk/images/units/zoom/e8ac4c82-f9e6-44cb-9bc8-75b36ea95061_ext_1.jpg, http://images.manheim.co.uk/images/units/zoom/e8ac4c82-f9e6-44cb-9bc8-75b36ea95061_5.jpg, http://images.manheim.co.uk/images/units/zoom/e8ac4c82-f9e6-44cb-9bc8-75b36ea95061_4.jpg, http://images.manheim.co.uk/images/units/zoom/e8ac4c82-f9e6-44cb-9bc8-75b36ea95061_11.jpg, http://images.manheim.co.uk/images/units/zoom/e8ac4c82-f9e6-44cb-9bc8-75b36ea95061_10.jpg, http://images.manheim.co.uk/images/units/zoom/e8ac4c82-f9e6-44cb-9bc8-75b36ea95061_9.jpg, http://images.manheim.co.uk/images/units/zoom/e8ac4c82-f9e6-44cb-9bc8-75b36ea95061_ext_2.jpg, http://images.manheim.co.uk/images/units/zoom/e8ac4c82-f9e6-44cb-9bc8-75b36ea95061_ext_5.jpg, http://images.manheim.co.uk/images/units/zoom/e8ac4c82-f9e6-44cb-9bc8-75b36ea95061_ext_3.jpg, http://images.manheim.co.uk/images/units/zoom/e8ac4c82-f9e6-44cb-9bc8-75b36ea95061_ext_4.jpg, http://images.manheim.co.uk/images/units/zoom/insp-0001-3898619-3892276-13.jpg, http://images.manheim.co.uk/images/units/zoom/insp-0001-3898619-3892276-1000.jpg, http://images.manheim.co.uk/images/units/zoom/insp-0001-3898619-3892276-1001.jpg, http://images.manheim.co.uk/images/units/zoom/insp-0001-3898619-3892276-1002.jpg, http://images.manheim.co.uk/images/units/zoom/insp-0001-3898619-3892276-1003.jpg, http://images.manheim.co.uk/images/units/zoom/insp-0001-3898619-3892276-1004.jpg, http://images.manheim.co.uk/images/units/zoom/insp-0001-3898619-3892276-1005.jpg, http://images.manheim.co.uk/images/units/zoom/insp-0001-3898619-3892276-1006.jpg, http://images.manheim.co.uk/images/units/zoom/insp-0001-3898619-3892276-1007.jpg, http://images.manheim.co.uk/images/units/zoom/insp-0001-3898619-3892276-1008.jpg, http://images.manheim.co.uk/images/units/zoom/insp-0001-3898619-3892276-1009.jpg, http://images.manheim.co.uk/images/units/zoom/insp-0001-3898619-3892276-1010.jpg, http://images.manheim.co.uk/images/units/zoom/insp-0001-3898619-3892276-1011.jpg",http://ecr.manheim.co.uk/pdf/MOL-0003898619-01896179-004.pdf,5,2,14/06/2023,47965,"14/06/2023, 14/06/2023","47965, 47965","MTR VEHICLE REPAIR, MTR VEHICLE REPAIR","Print, Print",,Sep-25
AF72XXG,"AUDI
Q4
150kW 40 82kWh S Line 5dr Auto",,Manheim,Lane 2 - Available Car / ...,Automatic,Electric,,,£21500,£20100,£24500,1,,CP GREEN,2022,Oct 2022,33802 Miles(Warranted),PURPLE,PURPLE,Metallic,BLACK,,5,2,With Manheim,Margin,No,No,No,Lloyd Motor Group,Leeds,"Air Conditioning, Auto Climate Control, Automatic Lights, Bluetooth, DAB, Dual Zone Climate, Front Parking Sensors, Heated Seats, Rear Parking Sensors, Reversing camera, Sat Nav Functioning, Traction Control, CO2: 0",,"£20,500",https://www.manheim.co.uk/nama,"http://images.manheim.co.uk/images/units/zoom/a5aeb33d-2107-4836-8261-de44a98eeac8_ext_7.jpg, http://images.manheim.co.uk/images/units/zoom/a5aeb33d-2107-4836-8261-de44a98eeac8_ext_6.jpg, http://images.manheim.co.uk/images/units/zoom/a5aeb33d-2107-4836-8261-de44a98eeac8_ext_1.jpg, http://images.manheim.co.uk/images/units/zoom/a5aeb33d-2107-4836-8261-de44a98eeac8_5.jpg, http://images.manheim.co.uk/images/units/zoom/a5aeb33d-2107-4836-8261-de44a98eeac8_4.jpg, http://images.manheim.co.uk/images/units/zoom/a5aeb33d-2107-4836-8261-de44a98eeac8_11.jpg, http://images.manheim.co.uk/images/units/zoom/a5aeb33d-2107-4836-8261-de44a98eeac8_10.jpg, http://images.manheim.co.uk/images/units/zoom/a5aeb33d-2107-4836-8261-de44a98eeac8_9.jpg, http://images.manheim.co.uk/images/units/zoom/a5aeb33d-2107-4836-8261-de44a98eeac8_ext_2.jpg, http://images.manheim.co.uk/images/units/zoom/a5aeb33d-2107-4836-8261-de44a98eeac8_ext_5.jpg, http://images.manheim.co.uk/images/units/zoom/a5aeb33d-2107-4836-8261-de44a98eeac8_ext_3.jpg, http://images.manheim.co.uk/images/units/zoom/a5aeb33d-2107-4836-8261-de44a98eeac8_ext_4.jpg, http://images.manheim.co.uk/images/units/zoom/insp-0001-3993377-3989784-13.jpg, http://images.manheim.co.uk/images/units/zoom/insp-0001-3993377-3989784-1000.jpg, http://images.manheim.co.uk/images/units/zoom/insp-0001-3993377-3989784-1001.jpg, http://images.manheim.co.uk/images/units/zoom/insp-0001-3993377-3989784-1002.jpg, http://images.manheim.co.uk/images/units/zoom/insp-0001-3993377-3989784-1003.jpg, http://images.manheim.co.uk/images/units/zoom/insp-0001-3993377-3989784-1004.jpg",http://ecr.manheim.co.uk/pdf/MOL-0003993377-01974419-003.pdf,3,1,18/10/2024,23175,18/10/2024,23175,Edinburgh Audi,Print,,Oct-26
AK65PFJ,"FORD
C-MAX
1.5 TDCi Titanium 5dr",,Manheim,Lane 1 - Motor Dough / Ke...,Manual,Diesel,1.5,5,£2650,£2175,£4500,4,MPVGRADE 4CP GREENSC SilverView Report,CP GREEN,2015,Dec 2015,103789 Miles(Warranted),WHITE,WHITE,Solid,GREY,CLOTH,5,1,With Manheim,Margin,No,No,No,Motor Range,Leeds,"Traction Control, Sat Nav Functioning, Rear Parking Sensors, Radio CD, Media Connectivity, Ipod Connectivity, Heated Front Screen, Dual Zone Climate, DAB, Cruise Control, Bluetooth, Automatic Wipers, Automatic Lights, Auto Climate Control, Air Conditioning, 6 Speed, CO2: 105",,"£2,300",https://www.manheim.co.uk/nama,"http://images.manheim.co.uk/images/units/zoom/3996965e-a9cf-419e-a1d4-ee5d6d409439_ext_7.jpg, http://images.manheim.co.uk/images/units/zoom/3996965e-a9cf-419e-a1d4-ee5d6d409439_ext_6.jpg, http://images.manheim.co.uk/images/units/zoom/3996965e-a9cf-419e-a1d4-ee5d6d409439_ext_1.jpg, http://images.manheim.co.uk/images/units/zoom/3996965e-a9cf-419e-a1d4-ee5d6d409439_5.jpg, http://images.manheim.co.uk/images/units/zoom/3996965e-a9cf-419e-a1d4-ee5d6d409439_4.jpg, http://images.manheim.co.uk/images/units/zoom/3996965e-a9cf-419e-a1d4-ee5d6d409439_11.jpg, http://images.manheim.co.uk/images/units/zoom/3996965e-a9cf-419e-a1d4-ee5d6d409439_10.jpg, http://images.manheim.co.uk/images/units/zoom/3996965e-a9cf-419e-a1d4-ee5d6d409439_9.jpg, http://images.manheim.co.uk/images/units/zoom/3996965e-a9cf-419e-a1d4-ee5d6d409439_ext_2.jpg, http://images.manheim.co.uk/images/units/zoom/3996965e-a9cf-419e-a1d4-ee5d6d409439_ext_5.jpg, http://images.manheim.co.uk/images/units/zoom/3996965e-a9cf-419e-a1d4-ee5d6d409439_ext_3.jpg, http://images.manheim.co.uk/images/units/zoom/3996965e-a9cf-419e-a1d4-ee5d6d409439_ext_4.jpg, http://images.manheim.co.uk/images/units/zoom/insp-0001-3997957-3997777-13.jpg, http://images.manheim.co.uk/images/units/zoom/insp-0001-3997957-3997777-1000.jpg, http://images.manheim.co.uk/images/units/zoom/insp-0001-3997957-3997777-1001.jpg, http://images.manheim.co.uk/images/units/zoom/insp-0001-3997957-3997777-1002.jpg, http://images.manheim.co.uk/images/units/zoom/insp-0001-3997957-3997777-1003.jpg, http://images.manheim.co.uk/images/units/zoom/insp-0001-3997957-3997777-1004.jpg, http://images.manheim.co.uk/images/units/zoom/insp-0001-3997957-3997777-1005.jpg, http://images.manheim.co.uk/images/units/zoom/insp-0001-3997957-3997777-1006.jpg, http://images.manheim.co.uk/images/units/zoom/insp-0001-3997957-3997777-1007.jpg, http://images.manheim.co.uk/images/units/zoom/insp-0001-3997957-3997777-1008.jpg",http://ecr.manheim.co.uk/pdf/MOL-0003997957-01978778-002.pdf,3,3,27/02/2023,67659,"31/01/2025, 13/03/2024, 27/02/2023","94262, 83047, 67659","Simply Services, Simply Services, Simply Services","Book, Book, Book",,Dec-25
AP65BJK,"BMW
2 SERIES
218i SE 5dr",,Manheim,Lane 1 - Motor Dough / Ke...,Manual,Petrol,1.5,5,£4850,£4225,£6995,3,EstateGRADE 3CP GREENSC SilverView Report,CP GREEN,2015,Dec 2015,84979 Miles(Warranted),SILVER,SILVER,Metallic,BLACK,CLOTH,7,2,With Manheim,Margin,No,No,No,Motor Dough,Leeds,"6 Speed, Air Conditioning, Auto Climate Control, Automatic Lights, Automatic Wipers, Aux In, Bluetooth, DAB, Dual Zone Climate, Radio CD, Rear Parking Sensors, Sat Nav Functioning, CO2: 123",,"£3,500",https://www.manheim.co.uk/nama,"http://images.manheim.co.uk/images/units/zoom/5b1afc75-dfe2-465c-816e-7554572fb997_ext_7.jpg, http://images.manheim.co.uk/images/units/zoom/5b1afc75-dfe2-465c-816e-7554572fb997_ext_6.jpg, http://images.manheim.co.uk/images/units/zoom/5b1afc75-dfe2-465c-816e-7554572fb997_ext_1.jpg, http://images.manheim.co.uk/images/units/zoom/5b1afc75-dfe2-465c-816e-7554572fb997_5.jpg, http://images.manheim.co.uk/images/units/zoom/5b1afc75-dfe2-465c-816e-7554572fb997_4.jpg, http://images.manheim.co.uk/images/units/zoom/5b1afc75-dfe2-465c-816e-7554572fb997_11.jpg, http://images.manheim.co.uk/images/units/zoom/5b1afc75-dfe2-465c-816e-7554572fb997_10.jpg, http://images.manheim.co.uk/images/units/zoom/5b1afc75-dfe2-465c-816e-7554572fb997_9.jpg, http://images.manheim.co.uk/images/units/zoom/5b1afc75-dfe2-465c-816e-7554572fb997_ext_2.jpg, http://images.manheim.co.uk/images/units/zoom/5b1afc75-dfe2-465c-816e-7554572fb997_ext_5.jpg, http://images.manheim.co.uk/images/units/zoom/5b1afc75-dfe2-465c-816e-7554572fb997_ext_3.jpg, http://images.manheim.co.uk/images/units/zoom/5b1afc75-dfe2-465c-816e-7554572fb997_ext_4.jpg, http://images.manheim.co.uk/images/units/zoom/insp-0001-3995453-4002581-13.jpg, http://images.manheim.co.uk/images/units/zoom/insp-0001-3995453-4002581-1000.jpg, http://images.manheim.co.uk/images/units/zoom/insp-0001-3995453-4002581-1001.jpg, http://images.manheim.co.uk/images/units/zoom/insp-0001-3995453-4002581-1002.jpg, http://images.manheim.co.uk/images/units/zoom/insp-0001-3995453-4002581-1003.jpg, http://images.manheim.co.uk/images/units/zoom/insp-0001-3995453-4002581-1004.jpg, http://images.manheim.co.uk/images/units/zoom/insp-0001-3995453-4002581-1005.jpg, http://images.manheim.co.uk/images/units/zoom/insp-0001-3995453-4002581-1006.jpg, http://images.manheim.co.uk/images/units/zoom/insp-0001-3995453-4002581-1007.jpg, http://images.manheim.co.uk/images/units/zoom/insp-0001-3995453-4002581-1008.jpg, http://images.manheim.co.uk/images/units/zoom/insp-0001-3995453-4002581-1009.jpg, http://images.manheim.co.uk/images/units/zoom/insp-0001-3995453-4002581-1010.jpg, http://images.manheim.co.uk/images/units/zoom/insp-0001-3995453-4002581-1011.jpg, http://images.manheim.co.uk/images/units/zoom/insp-0001-3995453-4002581-1012.jpg, http://images.manheim.co.uk/images/units/zoom/insp-0001-3995453-4002581-1013.jpg, http://images.manheim.co.uk/images/units/zoom/insp-0001-3995453-4002581-1014.jpg, http://images.manheim.co.uk/images/units/zoom/insp-0001-3995453-4002581-1015.jpg, http://images.manheim.co.uk/images/units/zoom/insp-0001-3995453-4002581-1016.jpg, http://images.manheim.co.uk/images/units/zoom/insp-0001-3995453-4002581-1017.jpg, http://images.manheim.co.uk/images/units/zoom/insp-0001-3995453-4002581-1018.jpg, http://images.manheim.co.uk/images/units/zoom/insp-0001-3995453-3990934-1019.jpg, http://images.manheim.co.uk/images/units/zoom/insp-0001-3995453-3990934-1020.jpg",http://ecr.manheim.co.uk/pdf/MOL-0003995453-01975927-004.pdf,3,3,02/06/2017,16332,"30/01/2023, 13/12/2018, 02/06/2017","67284, 26419, 16332","IDrive, IDrive, IDrive","Digital, Digital, Digital",,Jun-25
AU66WTD,"AUDI
A4
1.4T FSI Sport 4dr",,Manheim,Lane 2 - Stellantis & You...,Manual,Petrol,1.4,4,£6175,£5325,£8575,3,SaloonGRADE 3CP GREENSC SilverView Report,CP GREEN,2016,Sep 2016,79941 Miles(Warranted),BLACK,BLACK,Solid,BLACK,CLOTH,5,2,With Manheim,Margin,No,No,No,Lloyd Motor Group,Leeds,"6 Speed, Air Conditioning, Auto Climate Control, Automatic Lights, Automatic Wipers, Bluetooth, Cruise Control, DAB, Dual Zone Climate, Front Parking Sensors, Media Connectivity, Rear Parking Sensors, Traction Control, CO2: 126",,"£4,975",https://www.manheim.co.uk/nama,"http://images.manheim.co.uk/images/units/zoom/51a9c923-250d-477a-8bd6-ad3679558d50_ext_7.jpg, http://images.manheim.co.uk/images/units/zoom/51a9c923-250d-477a-8bd6-ad3679558d50_ext_6.jpg, http://images.manheim.co.uk/images/units/zoom/51a9c923-250d-477a-8bd6-ad3679558d50_ext_1.jpg, http://images.manheim.co.uk/images/units/zoom/51a9c923-250d-477a-8bd6-ad3679558d50_5.jpg, http://images.manheim.co.uk/images/units/zoom/51a9c923-250d-477a-8bd6-ad3679558d50_4.jpg, http://images.manheim.co.uk/images/units/zoom/51a9c923-250d-477a-8bd6-ad3679558d50_11.jpg, http://images.manheim.co.uk/images/units/zoom/51a9c923-250d-477a-8bd6-ad3679558d50_10.jpg, http://images.manheim.co.uk/images/units/zoom/51a9c923-250d-477a-8bd6-ad3679558d50_9.jpg, http://images.manheim.co.uk/images/units/zoom/51a9c923-250d-477a-8bd6-ad3679558d50_ext_2.jpg, http://images.manheim.co.uk/images/units/zoom/51a9c923-250d-477a-8bd6-ad3679558d50_ext_5.jpg, http://images.manheim.co.uk/images/units/zoom/51a9c923-250d-477a-8bd6-ad3679558d50_ext_3.jpg, http://images.manheim.co.uk/images/units/zoom/51a9c923-250d-477a-8bd6-ad3679558d50_ext_4.jpg, http://images.manheim.co.uk/images/units/zoom/insp-0001-3991173-3996786-13.jpg, http://images.manheim.co.uk/images/units/zoom/insp-0001-3991173-3996786-1000.jpg, http://images.manheim.co.uk/images/units/zoom/insp-0001-3991173-3996786-1001.jpg, http://images.manheim.co.uk/images/units/zoom/insp-0001-3991173-3996786-1002.jpg, http://images.manheim.co.uk/images/units/zoom/insp-0001-3991173-3996786-1003.jpg, http://images.manheim.co.uk/images/units/zoom/insp-0001-3991173-3996786-1004.jpg, http://images.manheim.co.uk/images/units/zoom/insp-0001-3991173-3996786-1005.jpg, http://images.manheim.co.uk/images/units/zoom/insp-0001-3991173-3996786-1006.jpg, http://images.manheim.co.uk/images/units/zoom/insp-0001-3991173-3996786-1007.jpg, http://images.manheim.co.uk/images/units/zoom/insp-0001-3991173-3996786-1008.jpg, http://images.manheim.co.uk/images/units/zoom/insp-0001-3991173-3996786-1009.jpg, http://images.manheim.co.uk/images/units/zoom/insp-0001-3991173-3996786-1010.jpg, http://images.manheim.co.uk/images/units/zoom/insp-0001-3991173-3996786-1011.jpg, http://images.manheim.co.uk/images/units/zoom/insp-0001-3991173-3996786-1012.jpg, http://images.manheim.co.uk/images/units/zoom/insp-0001-3991173-3996786-1013.jpg, http://images.manheim.co.uk/images/units/zoom/insp-0001-3991173-3996786-1014.jpg, http://images.manheim.co.uk/images/units/zoom/insp-0001-3991173-3996786-1015.jpg, http://images.manheim.co.uk/images/units/zoom/insp-0001-3991173-3996786-1016.jpg, http://images.manheim.co.uk/images/units/zoom/insp-0001-3991173-3996786-1017.jpg, http://images.manheim.co.uk/images/units/zoom/insp-0001-3991173-3996786-1018.jpg, http://images.manheim.co.uk/images/units/zoom/insp-0001-3991173-3996786-1019.jpg",http://ecr.manheim.co.uk/pdf/MOL-0003991173-01972009-002.pdf,2,1,03/07/2025,77725,03/07/2025,77725,Infirmary Street Garage,Book,,Feb-26
AY18VDX,"LAND ROVER
RANGE ROVER SPORT
2.0 P400e Autobiography Dynamic 5dr Auto",,Manheim,SIMULCAST AND PHYSICAL - ...,Semi-Automatic,Petrol PHEV,2.0,5,£19250,£17900,£22000,3,EstateGRADE 3SC BronzeView Report,SC Bronze,2018,May 2018,125877 Miles(Warranted),BLACK,BLACK,Metallic,BLACK,LEATHER,5,1,With Manheim,Margin,No,No,No,Santander Consumer,Manchester,"Air Conditioning, Auto Climate Control, Automatic Lights, Automatic Wipers, Bluetooth, DAB, Dual Zone Climate, Electric Sun Roof, Front Parking Sensors, Full Leather Trim, Heated Front Screen, Heated Seats, Media Connectivity, Panoramic Roof, Park Assist, Privacy Glass, Rear Parking Sensors, Reversing camera, Sat Nav Functioning, Traction Control, CO2: 64",GHOST IMMOBILISER FITTED - INSTRUCTIONS IN VEHICLE,"£19,250",https://www.manheim.co.uk/nama,"http://images.manheim.co.uk/images/units/zoom/90e4ec53-048f-4ed1-954f-eeadd6f04c1c_ext_7.jpg, http://images.manheim.co.uk/images/units/zoom/90e4ec53-048f-4ed1-954f-eeadd6f04c1c_ext_6.jpg, http://images.manheim.co.uk/images/units/zoom/90e4ec53-048f-4ed1-954f-eeadd6f04c1c_ext_1.jpg, http://images.manheim.co.uk/images/units/zoom/90e4ec53-048f-4ed1-954f-eeadd6f04c1c_5.jpg, http://images.manheim.co.uk/images/units/zoom/90e4ec53-048f-4ed1-954f-eeadd6f04c1c_4.jpg, http://images.manheim.co.uk/images/units/zoom/90e4ec53-048f-4ed1-954f-eeadd6f04c1c_11.jpg, http://images.manheim.co.uk/images/units/zoom/90e4ec53-048f-4ed1-954f-eeadd6f04c1c_10.jpg, http://images.manheim.co.uk/images/units/zoom/90e4ec53-048f-4ed1-954f-eeadd6f04c1c_9.jpg, http://images.manheim.co.uk/images/units/zoom/90e4ec53-048f-4ed1-954f-eeadd6f04c1c_ext_2.jpg, http://images.manheim.co.uk/images/units/zoom/90e4ec53-048f-4ed1-954f-eeadd6f04c1c_ext_5.jpg, http://images.manheim.co.uk/images/units/zoom/90e4ec53-048f-4ed1-954f-eeadd6f04c1c_ext_3.jpg, http://images.manheim.co.uk/images/units/zoom/90e4ec53-048f-4ed1-954f-eeadd6f04c1c_ext_4.jpg, http://images.manheim.co.uk/images/units/zoom/insp-0001-4000007-4001528-13.jpg, http://images.manheim.co.uk/images/units/zoom/insp-0001-4000007-4001528-1000.jpg, http://images.manheim.co.uk/images/units/zoom/insp-0001-4000007-4001528-1001.jpg, http://images.manheim.co.uk/images/units/zoom/insp-0001-4000007-4001528-1002.jpg, http://images.manheim.co.uk/images/units/zoom/insp-0001-4000007-4001528-1003.jpg, http://images.manheim.co.uk/images/units/zoom/insp-0001-4000007-4001528-1004.jpg, http://images.manheim.co.uk/images/units/zoom/insp-0001-4000007-4001528-1005.jpg, http://images.manheim.co.uk/images/units/zoom/insp-0001-4000007-4001528-1006.jpg, http://images.manheim.co.uk/images/units/zoom/insp-0001-4000007-4001528-1007.jpg, http://images.manheim.co.uk/images/units/zoom/insp-0001-4000007-4001528-1008.jpg, http://images.manheim.co.uk/images/units/zoom/insp-0001-4000007-4001528-1009.jpg, http://images.manheim.co.uk/images/units/zoom/insp-0001-4000007-4001528-1010.jpg, http://images.manheim.co.uk/images/units/zoom/insp-0001-4000007-4001528-1011.jpg, http://images.manheim.co.uk/images/units/zoom/insp-0001-4000007-4001528-1012.jpg, http://images.manheim.co.uk/images/units/zoom/insp-0001-4000007-4001528-1013.jpg, http://images.manheim.co.uk/images/units/zoom/insp-0001-4000007-4001528-1014.jpg, http://images.manheim.co.uk/images/units/zoom/insp-0001-4000007-4001528-1015.jpg, http://images.manheim.co.uk/images/units/zoom/insp-0001-4000007-4001528-1016.jpg, http://images.manheim.co.uk/images/units/zoom/insp-0001-4000007-4001528-1017.jpg, http://images.manheim.co.uk/images/units/zoom/insp-0001-4000007-4001528-1018.jpg, http://images.manheim.co.uk/images/units/zoom/insp-0001-4000007-4001528-1019.jpg, http://images.manheim.co.uk/images/units/zoom/insp-0001-4000007-4001528-1020.jpg, http://images.manheim.co.uk/images/units/zoom/insp-0001-4000007-4001528-1021.jpg",http://ecr.manheim.co.uk/pdf/MOL-0004000007-01986637-005.pdf,4,3,27/01/2020,16880,"16/11/2021, 10/02/2021, 27/01/2020","31834, 21503, 16880","REDLINE SPECIALIST CARS, MARSHALL, MARSHALL","Print, Print, Print",,Oct-26
BA21GBV,"MINI
CLUBMAN
1.5 Cooper Sport 6dr Auto",,Manheim,SIMULCAST AND PHYSICAL - ...,Automatic,Petrol,1.5,5,£15900,£14700,£18095,4,EstateGRADE 4CP GREENSC SilverView Report,CP GREEN,2021,Jul 2021,30458 Miles(Warranted),WHITE,WHITE,Solid,BLACK,CLOTH,5,2,With Manheim,Margin,No,No,No,LSH Auto Group,Manchester,"Air Conditioning, Auto Climate Control, Automatic Lights, Automatic Wipers, Bluetooth, DAB, Dual Zone Climate, Front Parking Sensors, Heated Front Screen, Heated Seats, Media Connectivity, Rear Parking Sensors, Sat Nav Functioning, Traction Control, CO2: 144",,"£16,900",https://www.manheim.co.uk/nama,"http://images.manheim.co.uk/images/units/zoom/01c2f824-fdc4-4f16-9a06-ecd82e0fd801_ext_7.jpg, http://images.manheim.co.uk/images/units/zoom/01c2f824-fdc4-4f16-9a06-ecd82e0fd801_ext_6.jpg, http://images.manheim.co.uk/images/units/zoom/01c2f824-fdc4-4f16-9a06-ecd82e0fd801_ext_1.jpg, http://images.manheim.co.uk/images/units/zoom/01c2f824-fdc4-4f16-9a06-ecd82e0fd801_5.jpg, http://images.manheim.co.uk/images/units/zoom/01c2f824-fdc4-4f16-9a06-ecd82e0fd801_4.jpg, http://images.manheim.co.uk/images/units/zoom/01c2f824-fdc4-4f16-9a06-ecd82e0fd801_11.jpg, http://images.manheim.co.uk/images/units/zoom/01c2f824-fdc4-4f16-9a06-ecd82e0fd801_10.jpg, http://images.manheim.co.uk/images/units/zoom/01c2f824-fdc4-4f16-9a06-ecd82e0fd801_9.jpg, http://images.manheim.co.uk/images/units/zoom/01c2f824-fdc4-4f16-9a06-ecd82e0fd801_ext_2.jpg, http://images.manheim.co.uk/images/units/zoom/01c2f824-fdc4-4f16-9a06-ecd82e0fd801_ext_5.jpg, http://images.manheim.co.uk/images/units/zoom/01c2f824-fdc4-4f16-9a06-ecd82e0fd801_ext_3.jpg, http://images.manheim.co.uk/images/units/zoom/01c2f824-fdc4-4f16-9a06-ecd82e0fd801_ext_4.jpg, http://images.manheim.co.uk/images/units/zoom/insp-0001-4011899-4010301-13.jpg, http://images.manheim.co.uk/images/units/zoom/insp-0001-4011899-4010301-1000.jpg, http://images.manheim.co.uk/images/units/zoom/insp-0001-4011899-4010301-1001.jpg, http://images.manheim.co.uk/images/units/zoom/insp-0001-4011899-4010301-1002.jpg, http://images.manheim.co.uk/images/units/zoom/insp-0001-4011899-4010301-1003.jpg, http://images.manheim.co.uk/images/units/zoom/insp-0001-4011899-4010301-1004.jpg, http://images.manheim.co.uk/images/units/zoom/insp-0001-4011899-4010301-1005.jpg, http://images.manheim.co.uk/images/units/zoom/insp-0001-4011899-4010301-1006.jpg, http://images.manheim.co.uk/images/units/zoom/insp-0001-4011899-4010301-1007.jpg, http://images.manheim.co.uk/images/units/zoom/insp-0001-4011899-4010301-1008.jpg, http://images.manheim.co.uk/images/units/zoom/insp-0001-4011899-4010301-1009.jpg, http://images.manheim.co.uk/images/units/zoom/insp-0001-4011899-4010301-1010.jpg, http://images.manheim.co.uk/images/units/zoom/insp-0001-4011899-4010301-1011.jpg, http://images.manheim.co.uk/images/units/zoom/insp-0001-4011899-4010301-1012.jpg, http://images.manheim.co.uk/images/units/zoom/insp-0001-4011899-4010301-1013.jpg, http://images.manheim.co.uk/images/units/zoom/insp-0001-4011899-4010301-1014.jpg, http://images.manheim.co.uk/images/units/zoom/insp-0001-4011899-4010301-1015.jpg",http://ecr.manheim.co.uk/pdf/MOL-0004011899-01994027-004.pdf,2,3,25/01/2023,16143,"07/02/2025, 19/08/2024, 25/01/2023","26362, 25615, 16143","SYTNER WARWICK, SYTNER WARWICK, IDRIVE","Print, Print, Digital",,Sep-26
BD19OHC,"KIA
SPORTAGE
1.6 CRDi ISG 2 5dr",,Manheim,SIMULCAST AND PHYSICAL - ...,Manual,Diesel,1.6,5,£6700,£5875,£8925,2,EstateGRADE 2CP GREENSC SilverView Report,CP GREEN,2019,Mar 2019,102402 Miles(Warranted),WHITE,WHITE,Metallic,BLACK,CLOTH,5,2,With Manheim,Margin,No,No,No,Santander Consumer,Manchester,"6 Speed, Air Conditioning, Auto Climate Control, Automatic Lights, Automatic Wipers, Bluetooth, DAB, Heated Seats, Rear Parking Sensors, Reversing camera, Dual Zone Climate, Media Connectivity, Sat Nav Functioning, CO2: 129",,"£6,700",https://www.manheim.co.uk/nama,"http://images.manheim.co.uk/images/units/zoom/959dc225-b6dc-470f-8b49-819f32132e78_ext_7.jpg, http://images.manheim.co.uk/images/units/zoom/959dc225-b6dc-470f-8b49-819f32132e78_ext_6.jpg, http://images.manheim.co.uk/images/units/zoom/959dc225-b6dc-470f-8b49-819f32132e78_ext_1.jpg, http://images.manheim.co.uk/images/units/zoom/959dc225-b6dc-470f-8b49-819f32132e78_5.jpg, http://images.manheim.co.uk/images/units/zoom/959dc225-b6dc-470f-8b49-819f32132e78_4.jpg, http://images.manheim.co.uk/images/units/zoom/959dc225-b6dc-470f-8b49-819f32132e78_11.jpg, http://images.manheim.co.uk/images/units/zoom/959dc225-b6dc-470f-8b49-819f32132e78_10.jpg, http://images.manheim.co.uk/images/units/zoom/959dc225-b6dc-470f-8b49-819f32132e78_9.jpg, http://images.manheim.co.uk/images/units/zoom/959dc225-b6dc-470f-8b49-819f32132e78_ext_2.jpg, http://images.manheim.co.uk/images/units/zoom/959dc225-b6dc-470f-8b49-819f32132e78_ext_5.jpg, http://images.manheim.co.uk/images/units/zoom/959dc225-b6dc-470f-8b49-819f32132e78_ext_3.jpg, http://images.manheim.co.uk/images/units/zoom/959dc225-b6dc-470f-8b49-819f32132e78_ext_4.jpg, http://images.manheim.co.uk/images/units/zoom/insp-0001-4004797-4012743-13.jpg, http://images.manheim.co.uk/images/units/zoom/insp-0001-4004797-4012743-1000.jpg, http://images.manheim.co.uk/images/units/zoom/insp-0001-4004797-4012743-1001.jpg, http://images.manheim.co.uk/images/units/zoom/insp-0001-4004797-4012743-1002.jpg, http://images.manheim.co.uk/images/units/zoom/insp-0001-4004797-4012743-1003.jpg, http://images.manheim.co.uk/images/units/zoom/insp-0001-4004797-4012743-1004.jpg, http://images.manheim.co.uk/images/units/zoom/insp-0001-4004797-4012743-1005.jpg, http://images.manheim.co.uk/images/units/zoom/insp-0001-4004797-4012743-1006.jpg, http://images.manheim.co.uk/images/units/zoom/insp-0001-4004797-4012743-1007.jpg, http://images.manheim.co.uk/images/units/zoom/insp-0001-4004797-4012743-1008.jpg, http://images.manheim.co.uk/images/units/zoom/insp-0001-4004797-4012743-1009.jpg, http://images.manheim.co.uk/images/units/zoom/insp-0001-4004797-4012743-1010.jpg, http://images.manheim.co.uk/images/units/zoom/insp-0001-4004797-4012743-1011.jpg, http://images.manheim.co.uk/images/units/zoom/insp-0001-4004797-4012743-1012.jpg, http://images.manheim.co.uk/images/units/zoom/insp-0001-4004797-4012743-1013.jpg, http://images.manheim.co.uk/images/units/zoom/insp-0001-4004797-4012743-1014.jpg",http://ecr.manheim.co.uk/pdf/MOL-0004004797-01992882-003.pdf,3,4,14/02/2020,21363,"10/05/2023, 31/03/2022, 15/03/2021, 14/02/2020","70098, 50506, 33594, 21363","* Warwick Kia, * Warwick Kia, * Warwick Kia, * Warwick Kia","Book, Book, Book, Book",,May-26
BD22RZX,"SEAT
ATECA
1.5 TSI EVO SE Technology 5dr",,Manheim,Lane 2 - Available Car / ...,Manual,Petrol,1.5,5,£14400,£13150,£16795,3,HatchbackGRADE 3CP GREENSC SilverView Report,CP GREEN,2022,Jun 2022,20471 Miles(Warranted),GREEN,GREEN,Metallic,GREY,CLOTH,5,2,Copy with Manheim,Margin,No,No,No,Lloyd Motor Group,Leeds,"6 Speed, Air Conditioning, Auto Climate Control, Bluetooth, Cruise Control, DAB, Dual Zone Climate, Front Parking Sensors, Media Connectivity, Rear Parking Sensors, Sat Nav Functioning, Traction Control, CO2: 149",,"£13,400",https://www.manheim.co.uk/nama,"http://images.manheim.co.uk/images/units/zoom/de4bfb3c-67b8-4c8c-9188-be386e995150_ext_7.jpg, http://images.manheim.co.uk/images/units/zoom/de4bfb3c-67b8-4c8c-9188-be386e995150_ext_6.jpg, http://images.manheim.co.uk/images/units/zoom/de4bfb3c-67b8-4c8c-9188-be386e995150_ext_1.jpg, http://images.manheim.co.uk/images/units/zoom/de4bfb3c-67b8-4c8c-9188-be386e995150_5.jpg, http://images.manheim.co.uk/images/units/zoom/de4bfb3c-67b8-4c8c-9188-be386e995150_4.jpg, http://images.manheim.co.uk/images/units/zoom/de4bfb3c-67b8-4c8c-9188-be386e995150_11.jpg, http://images.manheim.co.uk/images/units/zoom/de4bfb3c-67b8-4c8c-9188-be386e995150_10.jpg, http://images.manheim.co.uk/images/units/zoom/de4bfb3c-67b8-4c8c-9188-be386e995150_9.jpg, http://images.manheim.co.uk/images/units/zoom/de4bfb3c-67b8-4c8c-9188-be386e995150_ext_2.jpg, http://images.manheim.co.uk/images/units/zoom/de4bfb3c-67b8-4c8c-9188-be386e995150_ext_5.jpg, http://images.manheim.co.uk/images/units/zoom/de4bfb3c-67b8-4c8c-9188-be386e995150_ext_3.jpg, http://images.manheim.co.uk/images/units/zoom/de4bfb3c-67b8-4c8c-9188-be386e995150_ext_4.jpg, http://images.manheim.co.uk/images/units/zoom/insp-0001-4004252-4009012-13.jpg, http://images.manheim.co.uk/images/units/zoom/insp-0001-4004252-4009012-1000.jpg, http://images.manheim.co.uk/images/units/zoom/insp-0001-4004252-4009012-1001.jpg, http://images.manheim.co.uk/images/units/zoom/insp-0001-4004252-4009012-1002.jpg, http://images.manheim.co.uk/images/units/zoom/insp-0001-4004252-4009012-1003.jpg, http://images.manheim.co.uk/images/units/zoom/insp-0001-4004252-4009012-1004.jpg, http://images.manheim.co.uk/images/units/zoom/insp-0001-4004252-4009012-1005.jpg, http://images.manheim.co.uk/images/units/zoom/insp-0001-4004252-4009012-1006.jpg, http://images.manheim.co.uk/images/units/zoom/insp-0001-4004252-4009012-1007.jpg, http://images.manheim.co.uk/images/units/zoom/insp-0001-4004252-4009012-1008.jpg, http://images.manheim.co.uk/images/units/zoom/insp-0001-4004252-4009012-1009.jpg, http://images.manheim.co.uk/images/units/zoom/insp-0001-4004252-4009012-1010.jpg",http://ecr.manheim.co.uk/pdf/MOL-0004004252-01985685-003.pdf,1,2,24/07/2024,11703,"27/08/2025, 24/07/2024","19306, 11703","Kendal VW Centre Ltd, Lancaster SEAT","Print, Print",,Jun-26
BF74AEA,"LEXUS
LBX
1.5 Premium 5dr E-CVT",,Manheim,SIMULCAST AND PHYSICAL - ...,Automatic,Petrol/Hybrid,1.5,5,£26900,£25500,£29250,3,HatchbackGRADE 3CP GREENSC SilverView Report,CP GREEN,2024,Sep 2024,5726 Miles(Warranted),RED,RED,Metallic,BLACK,LEATHER,5,2,With Manheim,Margin,No,No,No,LSH Auto Group,Manchester,"Air Conditioning, Auto Climate Control, Automatic Lights, Automatic Wipers, Bluetooth, DAB, Dual Zone Climate, Front Parking Sensors, Full Leather Trim, Heated Seats, Media Connectivity, Privacy Glass, Rear Parking Sensors, Reversing camera, Sat Nav Functioning, Traction Control, CO2: 103",,"£26,250",https://www.manheim.co.uk/nama,"http://images.manheim.co.uk/images/units/zoom/c18a3fbf-17b0-4b3c-8cde-f587acba6fcb_ext_7.jpg, http://images.manheim.co.uk/images/units/zoom/c18a3fbf-17b0-4b3c-8cde-f587acba6fcb_ext_6.jpg, http://images.manheim.co.uk/images/units/zoom/c18a3fbf-17b0-4b3c-8cde-f587acba6fcb_ext_1.jpg, http://images.manheim.co.uk/images/units/zoom/c18a3fbf-17b0-4b3c-8cde-f587acba6fcb_5.jpg, http://images.manheim.co.uk/images/units/zoom/c18a3fbf-17b0-4b3c-8cde-f587acba6fcb_4.jpg, http://images.manheim.co.uk/images/units/zoom/c18a3fbf-17b0-4b3c-8cde-f587acba6fcb_11.jpg, http://images.manheim.co.uk/images/units/zoom/c18a3fbf-17b0-4b3c-8cde-f587acba6fcb_10.jpg, http://images.manheim.co.uk/images/units/zoom/c18a3fbf-17b0-4b3c-8cde-f587acba6fcb_9.jpg, http://images.manheim.co.uk/images/units/zoom/c18a3fbf-17b0-4b3c-8cde-f587acba6fcb_ext_2.jpg, http://images.manheim.co.uk/images/units/zoom/c18a3fbf-17b0-4b3c-8cde-f587acba6fcb_ext_5.jpg, http://images.manheim.co.uk/images/units/zoom/c18a3fbf-17b0-4b3c-8cde-f587acba6fcb_ext_3.jpg, http://images.manheim.co.uk/images/units/zoom/c18a3fbf-17b0-4b3c-8cde-f587acba6fcb_ext_4.jpg, http://images.manheim.co.uk/images/units/zoom/insp-0001-4007707-4007053-13.jpg, http://images.manheim.co.uk/images/units/zoom/insp-0001-4007707-4007053-1000.jpg, http://images.manheim.co.uk/images/units/zoom/insp-0001-4007707-4007053-1001.jpg, http://images.manheim.co.uk/images/units/zoom/insp-0001-4007707-4007053-1002.jpg, http://images.manheim.co.uk/images/units/zoom/insp-0001-4007707-4007053-1003.jpg, http://images.manheim.co.uk/images/units/zoom/insp-0001-4007707-4007053-1004.jpg, http://images.manheim.co.uk/images/units/zoom/insp-0001-4007707-4007053-1005.jpg",http://ecr.manheim.co.uk/pdf/MOL-0004007707-01989751-003.pdf,1,1,24/09/2025,2080,24/09/2025,2080,LEXUS,Book,,
BG25SYF,"VOLKSWAGEN
T-ROC
1.5 TSI Match 5dr DSG",,Manheim,Lane 2 - Available Car / ...,Semi-Automatic,Petrol,1.5,5,£22600,£21200,£25000,2,HatchbackGRADE 2CP GREENSC SilverView Report,CP GREEN,2025,Apr 2025,6182 Miles(Warranted),SILVER,SILVER,Metallic,BLACK,CLOTH,5,1,None,Margin,No,No,No,Motor Dough,Leeds,"Air Conditioning, Auto Climate Control, Automatic Lights, Bluetooth, Cruise Control, DAB, Dual Zone Climate, Front Parking Sensors, Media Connectivity, Privacy Glass, Rear Parking Sensors, Reversing camera, Traction Control, CO2: 137",,"£21,500",https://www.manheim.co.uk/nama,"http://images.manheim.co.uk/images/units/zoom/cc3aff71-379a-4264-9f47-d6cbf8b1f73c_ext_7.jpg, http://images.manheim.co.uk/images/units/zoom/cc3aff71-379a-4264-9f47-d6cbf8b1f73c_ext_6.jpg, http://images.manheim.co.uk/images/units/zoom/cc3aff71-379a-4264-9f47-d6cbf8b1f73c_ext_1.jpg, http://images.manheim.co.uk/images/units/zoom/cc3aff71-379a-4264-9f47-d6cbf8b1f73c_5.jpg, http://images.manheim.co.uk/images/units/zoom/cc3aff71-379a-4264-9f47-d6cbf8b1f73c_4.jpg, http://images.manheim.co.uk/images/units/zoom/cc3aff71-379a-4264-9f47-d6cbf8b1f73c_11.jpg, http://images.manheim.co.uk/images/units/zoom/cc3aff71-379a-4264-9f47-d6cbf8b1f73c_10.jpg, http://images.manheim.co.uk/images/units/zoom/cc3aff71-379a-4264-9f47-d6cbf8b1f73c_9.jpg, http://images.manheim.co.uk/images/units/zoom/cc3aff71-379a-4264-9f47-d6cbf8b1f73c_ext_2.jpg, http://images.manheim.co.uk/images/units/zoom/cc3aff71-379a-4264-9f47-d6cbf8b1f73c_ext_5.jpg, http://images.manheim.co.uk/images/units/zoom/cc3aff71-379a-4264-9f47-d6cbf8b1f73c_ext_3.jpg, http://images.manheim.co.uk/images/units/zoom/cc3aff71-379a-4264-9f47-d6cbf8b1f73c_ext_4.jpg, http://images.manheim.co.uk/images/units/zoom/insp-0001-3999193-3996068-13.jpg, http://images.manheim.co.uk/images/units/zoom/insp-0001-3999193-3996068-1000.jpg, http://images.manheim.co.uk/images/units/zoom/insp-0001-3999193-3996068-1001.jpg, http://images.manheim.co.uk/images/units/zoom/insp-0001-3999193-3996068-1002.jpg",http://ecr.manheim.co.uk/pdf/MOL-0003999193-01980446-005.pdf,1,0,,,,,,,,Apr-28
BG68UTX,"RENAULT
MEGANE
1.3 TCE GT Line 5dr",,Manheim,Fleet / Big Motoring Worl...,Manual,Petrol,1.3,5,£6650,£5800,£8850,4,EstateGRADE 4CP GREENSC GoldView Report,CP GREEN,2018,Oct 2018,53814 Miles(Warranted),BLUE,BLUE,Metallic,BLACK,CLOTH,5,1,With Manheim,Margin,No,No,No,FCA Group,Birmingham,"6 Speed, Air Conditioning, Auto Climate Control, Automatic Lights, Automatic Wipers, Bluetooth, DAB, Dual Zone Climate, Media Connectivity, Rear Parking Sensors, Sat Nav Functioning, Cruise Control, CO2: 125",,"£5,336",https://www.manheim.co.uk/nama,"http://images.manheim.co.uk/images/units/zoom/d9053411-a334-4fe2-af9c-6890ba8485c0_ext_7.jpg, http://images.manheim.co.uk/images/units/zoom/d9053411-a334-4fe2-af9c-6890ba8485c0_ext_6.jpg, http://images.manheim.co.uk/images/units/zoom/d9053411-a334-4fe2-af9c-6890ba8485c0_ext_1.jpg, http://images.manheim.co.uk/images/units/zoom/d9053411-a334-4fe2-af9c-6890ba8485c0_5.jpg, http://images.manheim.co.uk/images/units/zoom/d9053411-a334-4fe2-af9c-6890ba8485c0_4.jpg, http://images.manheim.co.uk/images/units/zoom/d9053411-a334-4fe2-af9c-6890ba8485c0_11.jpg, http://images.manheim.co.uk/images/units/zoom/d9053411-a334-4fe2-af9c-6890ba8485c0_10.jpg, http://images.manheim.co.uk/images/units/zoom/d9053411-a334-4fe2-af9c-6890ba8485c0_9.jpg, http://images.manheim.co.uk/images/units/zoom/d9053411-a334-4fe2-af9c-6890ba8485c0_ext_2.jpg, http://images.manheim.co.uk/images/units/zoom/d9053411-a334-4fe2-af9c-6890ba8485c0_ext_5.jpg, http://images.manheim.co.uk/images/units/zoom/d9053411-a334-4fe2-af9c-6890ba8485c0_ext_3.jpg, http://images.manheim.co.uk/images/units/zoom/d9053411-a334-4fe2-af9c-6890ba8485c0_ext_4.jpg, http://images.manheim.co.uk/images/units/zoom/insp-0001-2093385-4020236-13.jpg, http://images.manheim.co.uk/images/units/zoom/insp-0001-2093385-4020236-1000.jpg, http://images.manheim.co.uk/images/units/zoom/insp-0001-2093385-4020236-1001.jpg, http://images.manheim.co.uk/images/units/zoom/insp-0001-2093385-4020236-1002.jpg, http://images.manheim.co.uk/images/units/zoom/insp-0001-2093385-4020236-1003.jpg, http://images.manheim.co.uk/images/units/zoom/insp-0001-2093385-4020236-1004.jpg, http://images.manheim.co.uk/images/units/zoom/insp-0001-2093385-4020236-1005.jpg, http://images.manheim.co.uk/images/units/zoom/insp-0001-2093385-4020236-1006.jpg, http://images.manheim.co.uk/images/units/zoom/insp-0001-2093385-4020236-1007.jpg, http://images.manheim.co.uk/images/units/zoom/insp-0001-2093385-4020236-1008.jpg, http://images.manheim.co.uk/images/units/zoom/insp-0001-2093385-4020236-1009.jpg, http://images.manheim.co.uk/images/units/zoom/insp-0001-2093385-4020236-1010.jpg, http://images.manheim.co.uk/images/units/zoom/insp-0001-2093385-4020236-1011.jpg, http://images.manheim.co.uk/images/units/zoom/insp-0001-2093385-4020236-1012.jpg, http://images.manheim.co.uk/images/units/zoom/insp-0001-2093385-4020236-1013.jpg, http://images.manheim.co.uk/images/units/zoom/insp-0001-2093385-4020236-1014.jpg, http://images.manheim.co.uk/images/units/zoom/insp-0001-2093385-4020236-1015.jpg, http://images.manheim.co.uk/images/units/zoom/insp-0001-2093385-4020236-1016.jpg, http://images.manheim.co.uk/images/units/zoom/insp-0001-2093385-4020236-1017.jpg, http://images.manheim.co.uk/images/units/zoom/insp-0001-2093385-4020236-1018.jpg, http://images.manheim.co.uk/images/units/zoom/insp-0001-2093385-4020236-1019.jpg, http://images.manheim.co.uk/images/units/zoom/insp-0001-2093385-4020236-1020.jpg, http://images.manheim.co.uk/images/units/zoom/insp-0001-2093385-4020236-1021.jpg, http://images.manheim.co.uk/images/units/zoom/insp-0001-2093385-4020236-1022.jpg, http://images.manheim.co.uk/images/units/zoom/insp-0001-2093385-4020236-1023.jpg, http://images.manheim.co.uk/images/units/zoom/insp-0001-2093385-4020236-1024.jpg, http://images.manheim.co.uk/images/units/zoom/insp-0001-2093385-4020236-1025.jpg, http://images.manheim.co.uk/images/units/zoom/insp-0001-2093385-4020236-1026.jpg, http://images.manheim.co.uk/images/units/zoom/insp-0001-2093385-4020236-1027.jpg, http://images.manheim.co.uk/images/units/zoom/insp-0001-2093385-4020236-1028.jpg, http://images.manheim.co.uk/images/units/zoom/insp-0001-2093385-4020236-1029.jpg, http://images.manheim.co.uk/images/units/zoom/insp-0001-2093385-4020236-1030.jpg, http://images.manheim.co.uk/images/units/zoom/insp-0001-2093385-4020236-1031.jpg, http://images.manheim.co.uk/images/units/zoom/insp-0001-2093385-4020236-1032.jpg, http://images.manheim.co.uk/images/units/zoom/insp-0001-2093385-4020236-1033.jpg, http://images.manheim.co.uk/images/units/zoom/insp-0001-2093385-4020236-1034.jpg, http://images.manheim.co.uk/images/units/zoom/insp-0001-2093385-4020236-1035.jpg, http://images.manheim.co.uk/images/units/zoom/insp-0001-2093385-4020236-1036.jpg, http://images.manheim.co.uk/images/units/zoom/insp-0001-2093385-4020236-1037.jpg, http://images.manheim.co.uk/images/units/zoom/insp-0001-2093385-4020236-1038.jpg, http://images.manheim.co.uk/images/units/zoom/insp-0001-2093385-4020236-1039.jpg, http://images.manheim.co.uk/images/units/zoom/insp-0001-2093385-4020236-1040.jpg, http://images.manheim.co.uk/images/units/zoom/insp-0001-2093385-4020236-1041.jpg, http://images.manheim.co.uk/images/units/zoom/insp-0001-2093385-4020236-1042.jpg, http://images.manheim.co.uk/images/units/zoom/insp-0001-2093385-4020236-1043.jpg, http://images.manheim.co.uk/images/units/zoom/insp-0001-2093385-4020236-1044.jpg, http://images.manheim.co.uk/images/units/zoom/insp-0001-2093385-4020236-1045.jpg, http://images.manheim.co.uk/images/units/zoom/insp-0001-2093385-4020236-1046.jpg",http://ecr.manheim.co.uk/pdf/MOL-0002093385-02000415-003.pdf,4,0,,,,,,,,Jan-26
