Reg,Title,Make,Model,Variant,Start date,Start time,Mileage,Former Keepers,CC,MOT Expiry Date,D.O.R,Doors,Seats,Mileage Warranted,Center,Euro Status,Fuel Type,Transmission,Colour,Body Type,id
YH70TYF,FORD PUMA TITANIUM,FORD,PUMA,TITANIUM,03/12/2025,10:00,57997,1,1.0,22/10/2025,16/10/2020,5,5,Not warranted,G3 Bedford,6,Petrol,Black,Manual,Hatchback,121638
LO14MME,BMW X5 XDRIVE30D M SPORT,BMW,X5,XDRIVE30D M SPORT,03/12/2025,10:00,73910,5,3.0,23/01/2026,10/06/2014,5,5,Not warranted,G3 Bedford,6,Diesel,Black,Automatic,Estate,119153
GU69CCN,LEXUS IS 300H,LEXUS,IS,300H,03/12/2025,10:00,54671,1,2.5,09/05/2026,26/11/2019,4,5,Not warranted,G3 Bedford,6,Hybrid Electric,Red,Automatic,Saloon,120017
M70MAE,BMW 3 SERIES M3 COMPETITION PACKAGE,BMW,3 SERIES,M3 COMPETITION PACKAGE,03/12/2025,10:00,72112,6,3.0,18/04/2026,15/03/2018,4,5,Not warranted,G3 Bedford,6,Petrol,Black,Automatic,Saloon,120960
WG20NCC,AUDI A3 S3 SPORTBACK TFSI QUATTRO BLACK EDITION,AUDI,A3,S3 SPORTBACK TFSI QUATTRO BLACK EDITION,03/12/2025,10:00,76559,3,2.0,28/07/2025,22/07/2020,5,5,Not warranted,G3 Bedford,6,Petrol,Black,Automatic,Hatchback,120957
WP15XAK,MERCEDES CLA CLA45 AMG 4MATIC,MERCEDES,CLA,CLA45 AMG 4MATIC,03/12/2025,10:00,74751,8,2.0,21/10/2026,23/05/2015,4,5,Not warranted,G3 Bedford,6,Petrol,White,Automatic,Saloon,121625
WG19HEU,BMW 1 SERIES 118I M SPORT SHADOW EDITION,BMW,1 SERIES,118I M SPORT SHADOW EDITION,03/12/2025,10:00,69132,1,1.5,27/02/2026,29/03/2019,5,5,Not warranted,G3 Bedford,6,Petrol,Black,Manual,Hatchback,121620
LP72PSU,MAZDA CX-5 SPORT EDITION,MAZDA,CX-5,SPORT EDITION,03/12/2025,10:00,36460,1,2.0,18/01/2026,18/01/2023,5,5,Not warranted,G3 Bedford,6,Petrol,Black,Manual,Estate,120012
RJ74ZNV,KIA CEED GT-LINE,KIA,CEED,GT-LINE,03/12/2025,10:00,20993,0,1.5,17/12/2027,17/12/2024,5,5,Not warranted,G3 Bedford,6,Petrol,Red,Manual,Hatchback,119924
RF74GEU,KIA CEED GT-LINE,KIA,CEED,GT-LINE,03/12/2025,10:00,16697,0,1.5,30/01/2028,30/01/2025,5,5,Not warranted,G3 Bedford,6,Petrol,Red,Manual,Hatchback,119928
RF74GFX,KIA CEED GT-LINE,KIA,CEED,GT-LINE,03/12/2025,10:00,12916,0,1.5,30/01/2028,30/01/2025,5,5,Not warranted,G3 Bedford,6,Petrol,Red,Manual,Hatchback,119927
RF74BVL,KIA CEED GT-LINE,KIA,CEED,GT-LINE,03/12/2025,10:00,12900,0,1.5,09/01/2028,09/01/2025,5,5,Not warranted,G3 Bedford,6,Petrol,Red,Manual,Hatchback,121046
GX74KVU,BMW 3 SERIES 320I M SPORT,BMW,3 SERIES,320I M SPORT,03/12/2025,10:00,19288,0,2.0,30/09/2027,30/09/2024,5,5,Not warranted,G3 Bedford,6,Petrol,Black,Automatic,Estate,120920
RF74FYX,KIA CEED GT-LINE,KIA,CEED,GT-LINE,03/12/2025,10:00,19606,0,1.5,17/01/2028,17/01/2025,5,5,Not warranted,G3 Bedford,6,Petrol,Red,Manual,Hatchback,119925
RF74GBY,KIA CEED GT-LINE,KIA,CEED,GT-LINE,03/12/2025,10:00,18224,0,1.5,14/01/2028,14/01/2025,5,5,Not warranted,G3 Bedford,6,Petrol,Red,Manual,Hatchback,120923
RF74GGO,KIA CEED GT-LINE,KIA,CEED,GT-LINE,03/12/2025,10:00,16636,0,1.5,30/01/2028,30/01/2025,5,5,Not warranted,G3 Bedford,6,Petrol,Red,Manual,Hatchback,120918
RF74FYW,KIA CEED GT-LINE,KIA,CEED,GT-LINE,03/12/2025,10:00,21296,0,1.5,14/01/2028,14/01/2025,5,5,Not warranted,G3 Bedford,6,Petrol,Red,Manual,Hatchback,120929
RF74DHV,KIA CEED GT-LINE,KIA,CEED,GT-LINE,03/12/2025,10:00,19270,0,1.5,16/12/2027,16/12/2024,5,5,Not warranted,G3 Bedford,6,Petrol,Red,Manual,Hatchback,120927
YR74AYL,TOYOTA CHR DESIGN,TOYOTA,CHR,DESIGN,03/12/2025,10:00,9490,0,2.0,27/09/2027,27/09/2024,5,5,Not warranted,G3 Bedford,6,Hybrid Electric,Silver,Automatic,Hatchback,120830
YO24FLR,TOYOTA COROLLA ICON,TOYOTA,COROLLA,ICON,03/12/2025,10:00,22328,0,1.8,27/06/2027,27/06/2024,5,5,Not warranted,G3 Bedford,6,Hybrid Electric,Silver,Automatic,Estate,120829
GM23HSZ,SUZUKI SWIFT SZ-T DUALJET,SUZUKI,SWIFT,SZ-T DUALJET,03/12/2025,10:00,47847,1,1.2,24/07/2026,24/07/2023,5,5,Not warranted,G3 Bedford,6,Hybrid Electric,Red,Automatic,Hatchback,121682
GJ73PNZ,SUZUKI SWIFT SZ-T DUALJET,SUZUKI,SWIFT,SZ-T DUALJET,03/12/2025,10:00,56510,1,1.2,18/09/2026,18/09/2023,5,5,Not warranted,G3 Bedford,6,Hybrid Electric,Red,Automatic,Hatchback,121683
AK72LZO,TOYOTA YARIS ICON,TOYOTA,YARIS,ICON,03/12/2025,10:00,35901,1,1.5,29/11/2025,29/11/2022,5,5,Not warranted,G3 Bedford,6,Hybrid Electric,White,Automatic,Hatchback,120833
WO17LGZ,MERCEDES GLE-CLASS GLE 350 D 4MATIC AMG LINE PREMIUM,MERCEDES,GLE-CLASS,GLE 350 D 4MATIC AMG LINE PREMIUM,03/12/2025,10:00,72699,2,3.0,19/02/2026,19/07/2017,5,5,Not warranted,G3 Bedford,6,Diesel,Black,Automatic,Estate,121294
LT20HNG,KIA SPORTAGE GT-LINE ISG,KIA,SPORTAGE,GT-LINE ISG,03/12/2025,10:00,60436,3,1.6,06/11/2026,05/03/2020,5,5,Not warranted,G3 Bedford,6,Petrol,Grey,Manual,Estate,121704
OE70OCB,MERCEDES EQC EQC 400 4MATIC AMG LINE,MERCEDES,EQC,EQC 400 4MATIC AMG LINE,03/12/2025,10:00,75441,1,,03/02/2026,31/12/2020,5,5,Not warranted,G3 Bedford,6,Electric,Grey,Automatic,Estate,119282
SK17SWW,HONDA HR-V I-VTEC SE NAVI,HONDA,HR-V,I-VTEC SE NAVI,03/12/2025,10:00,50272,2,1.5,18/04/2026,22/03/2017,5,5,Not warranted,G3 Bedford,6,Petrol,Red,Manual,Hatchback,121157
BK19ZYM,MERCEDES A-CLASS A 180 D AMG LINE EXECUTIVE,MERCEDES,A-CLASS,A 180 D AMG LINE EXECUTIVE,03/12/2025,10:00,90863,1,1.5,29/04/2026,29/04/2019,5,5,Not warranted,G3 Bedford,6,Diesel,Red,Automatic,Hatchback,120355
KM21TKX,PEUGEOT 5008 BLUEHDI S/S GT,PEUGEOT,5008,BLUEHDI S/S GT,03/12/2025,10:00,91501,1,1.5,06/06/2026,14/05/2021,5,7,Not warranted,G3 Bedford,6,Diesel,Red,Manual,Hatchback,121659
MJ69WRN,LAND ROVER RANGE ROVER EVOQUE R-DYNAMIC,LAND ROVER,RANGE ROVER EVOQUE,R-DYNAMIC,03/12/2025,10:00,48618,1,2.0,25/07/2025,11/11/2019,5,5,Not warranted,G3 Bedford,6,Diesel,Black,Manual,Estate,121253
KW67VYB,VOLKSWAGEN GOLF GTI PERFORMANCE TSI DSG,VOLKSWAGEN,GOLF,GTI PERFORMANCE TSI DSG,03/12/2025,10:00,91628,5,2.0,29/06/2026,19/12/2017,5,5,Not warranted,G3 Bedford,6,Petrol,Black,Automatic,Hatchback,119452
EG68VEW,MERCEDES A-CLASS A 180 D AMG LINE PREMIUM,MERCEDES,A-CLASS,A 180 D AMG LINE PREMIUM,03/12/2025,10:00,27016,2,1.5,09/09/2026,31/01/2019,5,5,Not warranted,G3 Bedford,6,Diesel,Red,Automatic,Hatchback,121707
KX18FCW,MERCEDES A-CLASS A 200 AMG LINE,MERCEDES,A-CLASS,A 200 AMG LINE,03/12/2025,10:00,56869,2,1.3,29/06/2026,30/08/2018,5,5,Not warranted,G3 Bedford,6,Petrol,Black,Automatic,Hatchback,121716
VE18OJU,AUDI A5 S5 SPORTBACK TFSI QUATTRO,AUDI,A5,S5 SPORTBACK TFSI QUATTRO,03/12/2025,10:00,57598,4,3.0,06/04/2026,28/06/2018,5,5,Not warranted,G3 Bedford,6,Petrol,Black,Automatic,Hatchback,120932
MV18HGY,MASERATI LEVANTE S AUTO ,MASERATI,LEVANTE S AUTO,,03/12/2025,10:00,40450,1,3.0,05/09/2025,23/05/2018,0,5,Not warranted,G3 Bedford,0,Petrol,Blue,Automatic,Estate,120931
LP68KFC,HONDA CIVIC VTEC SR,HONDA,CIVIC,VTEC SR,03/12/2025,10:00,48375,2,1.0,09/12/2025,20/11/2018,5,5,Not warranted,G3 Bedford,6,Petrol,Blue,Manual,Hatchback,121816
WA21ASH,AUDI A5 TFSI S LINE,AUDI,A5,TFSI S LINE,03/12/2025,10:00,38299,2,2.0,31/08/2026,24/05/2021,2,4,Not warranted,G3 Bedford,6,Petrol,Black,Semi Auto,Coupe,114235
WJ15WJZ,BMW X4 XDRIVE20D M SPORT,BMW,X4,XDRIVE20D M SPORT,03/12/2025,10:00,93804,4,2.0,30/04/2026,25/03/2015,4,5,Not warranted,G3 Bedford,6,Diesel,Black,Automatic,Coupe,116284
WN67JYF,MERCEDES E CLASS E 220 D SE PREMIUM,MERCEDES,E CLASS,E 220 D SE PREMIUM,03/12/2025,10:00,67776,3,1.9,07/03/2026,29/09/2017,4,5,Not warranted,G3 Bedford,6,Diesel,Grey,Automatic,Saloon,121822
N77LSM,LAND ROVER RANGE ROVER SPORT TDV6 SE,LAND ROVER,RANGE ROVER SPORT,TDV6 SE,03/12/2025,10:00,81467,3,3.0,24/05/2026,27/06/2014,5,5,Not warranted,G3 Bedford,5,Diesel,White,Automatic,Estate,120959
RN19PPK,RENAULT KADJAR GT LINE DCI,RENAULT,KADJAR,GT LINE DCI,03/12/2025,10:00,61523,1,1.5,06/08/2026,07/08/2019,5,5,Not warranted,G3 Bedford,6,Diesel,Black,Manual,Hatchback,119078
LK70HUA,BMW 2 SERIES 216D SE GRAN TOURER,BMW,2 SERIES,216D SE GRAN TOURER,03/12/2025,10:00,75610,1,1.5,09/05/2026,30/09/2020,5,7,Not warranted,G3 Bedford,6,Diesel,Black,Automatic,Estate,121833
WV70FCF,FORD FIESTA ST-LINE X EDITION,FORD,FIESTA,ST-LINE X EDITION,03/12/2025,10:00,47002,3,1.0,05/08/2026,01/09/2020,5,5,Not warranted,G3 Bedford,6,Petrol,Grey,Manual,Hatchback,121830
FG17VJP,BMW 2 SERIES 218D SE,BMW,2 SERIES,218D SE,03/12/2025,10:00,44242,2,2.0,17/02/2026,31/03/2017,2,4,Not warranted,G3 Bedford,6,Diesel,White,Manual,Coupe,120401
EJ20FYN,VAUXHALL GRANDLAND X SRI NAV,VAUXHALL,GRANDLAND X,SRI NAV,03/12/2025,10:00,49546,1,1.2,24/01/2026,04/08/2020,5,5,Not warranted,G3 Bedford,6,Petrol,Black,Manual,Hatchback,121803
SW21HKD,LAND ROVER DISCOVERY R-DYNAMIC S,LAND ROVER,DISCOVERY,R-DYNAMIC S,03/12/2025,10:00,48825,1,3.0,28/06/2026,04/05/2021,5,7,Not warranted,G3 Bedford,6,Diesel,Grey,Automatic,Estate,119874
BK25KLD,LAND ROVER RANGE ROVER SPORT DYNAMIC SE,LAND ROVER,RANGE ROVER SPORT,DYNAMIC SE,03/12/2025,10:00,958,0,3.0,05/03/2028,05/03/2025,5,5,Not warranted,G3 Bedford,6,Hybrid Electric,Grey,Automatic,Estate,119449
GJ69VZK,TESLA MODEL 3 PERFORMANCE AWD ALL MODELS,TESLA,MODEL 3 PERFORMANCE AWD,ALL MODELS,03/12/2025,10:00,34188,1,,25/07/2026,24/09/2019,4,5,Not warranted,G3 Bedford,6,Electric,White,Automatic,Saloon,121841
RF69EKR,VOLKSWAGEN GOLF E-GOLF,VOLKSWAGEN,GOLF,E-GOLF,03/12/2025,10:00,22430,1,,19/02/2026,28/01/2020,5,5,Not warranted,G3 Bedford,6,Electric,Grey,Automatic,Hatchback,121421
KO18PNU,MERCEDES GLC-CLASS GLC 350 D 4MATIC AMG LINE,MERCEDES,GLC-CLASS,GLC 350 D 4MATIC AMG LINE,03/12/2025,10:00,73291,3,3.0,19/01/2026,20/06/2018,5,5,Not warranted,G3 Bedford,6,Diesel,Silver,Automatic,Estate,120963
OV70FRP,JAGUAR E-PACE CHEQUERED FLAG,JAGUAR,E-PACE,CHEQUERED FLAG,03/12/2025,10:00,44309,1,2.0,17/03/2026,24/09/2020,5,5,Not warranted,G3 Bedford,6,Diesel,Red,Automatic,Estate,120973
CF72ZJY,DS DS 3 CROSSBACK PURETECH PERFORMANCE LINE PLUS S/S EAT8,DS,DS 3 CROSSBACK,PURETECH PERFORMANCE LINE PLUS S/S EAT8,03/12/2025,10:00,30829,1,1.2,31/01/2026,31/01/2023,5,5,Not warranted,G3 Bedford,6,Petrol,Black,Automatic,Hatchback,121904
GU15AVT,BMW 4 SERIES M4,BMW,4 SERIES,M4,03/12/2025,10:00,35774,3,3.0,14/06/2026,11/03/2015,2,4,Not warranted,G3 Bedford,6,Petrol,Black,Automatic,Coupe,121502
PN23OEJ,VOLKSWAGEN ID3 LIFE,VOLKSWAGEN,ID3,LIFE,03/12/2025,10:00,73583,0,,09/03/2026,09/03/2023,5,5,Not warranted,G3 Bedford,6,Electric,Grey,Automatic,Hatchback,121697
OE72KFW,MG MG 4 TROPHY,MG,MG 4,TROPHY,03/12/2025,10:00,81003,0,,21/12/2025,21/12/2022,5,5,Not warranted,G3 Bedford,6,Electric,Black,Automatic,Hatchback,121702
GF72FPP,MG MG 3 EXCLUSIVE NAV VTI-TECH,MG,MG 3,EXCLUSIVE NAV VTI-TECH,03/12/2025,10:00,35787,2,1.5,06/08/2026,30/09/2022,5,5,Not warranted,G3 Bedford,6,Petrol,Yellow,Manual,Hatchback,121820
YG68FVU,AUDI Q5 TDI QUATTRO SPORT,AUDI,Q5,TDI QUATTRO SPORT,03/12/2025,10:00,85739,2,2.0,23/08/2026,26/09/2018,5,5,Not warranted,G3 Bedford,6,Diesel,Blue,Automatic,Estate,120572
A7JOE,FORD MUSTANG GT ,FORD,MUSTANG GT,,03/12/2025,10:00,7758,1,5.0,10/01/2027,10/01/2024,0,4,Not warranted,G3 Bedford,0,Petrol,Orange,Automatic,Coupe,120952
BJ73VKV,MAZDA MX-30 EXCLUSIVE-LINE,MAZDA,MX-30,EXCLUSIVE-LINE,03/12/2025,10:00,21514,0,1.7,30/11/2026,30/11/2023,5,5,Not warranted,G3 Bedford,6,Hybrid Electric,White,Automatic,Hatchback,120835
BC24JHF,HYUNDAI TUCSON N LINE S,HYUNDAI,TUCSON,N LINE S,03/12/2025,10:00,25950,0,1.6,25/07/2027,25/07/2024,5,5,Not warranted,G3 Castleford,6,Hybrid Electric,Grey,Automatic,Estate,121717
VN25DFC,PEUGEOT 3008 GT,PEUGEOT,3008,GT,03/12/2025,10:00,539,0,1.2,12/06/2028,12/06/2025,5,5,Not warranted,G3 Castleford,6,Hybrid Electric,White,Automatic,Hatchback,121624
YE74BZC,KIA SPORTAGE 3,KIA,SPORTAGE,3,03/12/2025,10:00,14476,0,1.6,31/10/2027,31/10/2024,5,5,Not warranted,G3 Castleford,6,Hybrid Electric,Green,Automatic,Estate,121619
DV74NYY,HYUNDAI I10 ADVANCE,HYUNDAI,I10,ADVANCE,03/12/2025,10:00,12369,0,1.0,30/09/2027,30/09/2024,5,5,Not warranted,G3 Castleford,6,Petrol,Black,Automatic,Hatchback,121617
GX74KVT,BMW 3 SERIES 320I M SPORT,BMW,3 SERIES,320I M SPORT,03/12/2025,10:00,15869,0,2.0,30/09/2027,30/09/2024,5,5,Not warranted,G3 Castleford,6,Petrol,Black,Automatic,Estate,121623
GX74KVY,BMW 3 SERIES 320I M SPORT,BMW,3 SERIES,320I M SPORT,03/12/2025,10:00,15813,0,2.0,30/09/2027,30/09/2024,5,5,Not warranted,G3 Castleford,6,Petrol,Blue,Automatic,Estate,121621
AF72SBV,BMW 3 SERIES 330E M SPORT,BMW,3 SERIES,330E M SPORT,03/12/2025,10:00,76981,0,2.0,02/10/2026,03/10/2022,5,5,Not warranted,G3 Castleford,6,Hybrid Electric,Grey,Automatic,Estate,121631
KE23GXZ,AUDI E-TRON GT RS GT CARBON VORSPRUNG,AUDI,E-TRON GT,RS GT CARBON VORSPRUNG,03/12/2025,10:00,29620,0,,21/07/2026,21/07/2023,4,5,Not warranted,G3 Castleford,6,Electric,Silver,Automatic,Coupe,121918
KY72MVL,AUDI A4 AVANT TDI TECHNIK,AUDI,A4,AVANT TDI TECHNIK,03/12/2025,10:00,42296,0,2.0,04/09/2026,05/09/2022,5,5,Not warranted,G3 Castleford,6,Diesel,Black,Automatic,Estate,121637
HL21BVP,HYUNDAI TUCSON T-GDI PREMIUM,HYUNDAI,TUCSON,T-GDI PREMIUM,03/12/2025,10:00,61451,0,1.6,29/07/2026,27/07/2021,5,5,Not warranted,G3 Castleford,6,Hybrid Electric,Red,Automatic,Estate,121892
YD71BPZ,AUDI A6 TFSI S LINE,AUDI,A6,TFSI S LINE,03/12/2025,10:00,26060,0,2.0,30/12/2025,10/09/2021,4,5,Not warranted,G3 Castleford,6,Petrol,Black,Automatic,Saloon,121639
FY24KAX,NISSAN JUKE DIG-T N-CONNECTA DCT,NISSAN,JUKE,DIG-T N-CONNECTA DCT,03/12/2025,10:00,17448,0,1.0,31/05/2027,31/05/2024,5,5,Not warranted,G3 Castleford,6,Petrol,Black,Automatic,Hatchback,121719
LL72ZBE,MERCEDES CLA CLA 180 AMG LINE EXECUTIVE,MERCEDES,CLA,CLA 180 AMG LINE EXECUTIVE,03/12/2025,10:00,91146,0,1.3,20/11/2026,21/11/2022,4,5,Not warranted,G3 Castleford,6,Petrol,Red,Automatic,Coupe,121635
