Title,Auction Name,Auction type,Center,Make,Model,Variant,Doors,Lot,Reg,Start Time,Start Date,D.O.R,Fuel Type,Former Keepers,Transmission,Colour,MOT Expiry Date,Year,VAT Status,V5,CC,Mileage,Mileage Warranted,Images
VAUXHALL CORSA,Modern Cars,Online Auction,Errol Airfield,VAUXHALL,CORSA,Turbo SRi,5,4001,DT69WYF,13:00,09/12/2025,28/02/2020,Petrol,1,MANUAL,BLUE,27/02/2026,2020,Margin,Here,1.2,24459,Yes,"https://morrisleslie-buckets-s3-public.s3.eu-west-1.amazonaws.com/motorvehicle/5010/images/1764668587_IJeOpO.jpg,https://morrisleslie-buckets-s3-public.s3.eu-west-1.amazonaws.com/motorvehicle/5010/images/1764668592_7gsBy7.jpg,https://morrisleslie-buckets-s3-public.s3.eu-west-1.amazonaws.com/motorvehicle/5010/images/1764668599_oj1X2Y.jpg,https://morrisleslie-buckets-s3-public.s3.eu-west-1.amazonaws.com/motorvehicle/5010/images/1764668605_2b3oDR.jpg,https://morrisleslie-buckets-s3-public.s3.eu-west-1.amazonaws.com/motorvehicle/5010/images/1764668610_IQkE0j.jpg,https://morrisleslie-buckets-s3-public.s3.eu-west-1.amazonaws.com/motorvehicle/5010/images/1764668615_2MEw8N.jpg,https://morrisleslie-buckets-s3-public.s3.eu-west-1.amazonaws.com/motorvehicle/5010/images/1764668617_pDjGyT.jpg,https://morrisleslie-buckets-s3-public.s3.eu-west-1.amazonaws.com/motorvehicle/5010/images/1764668623_L0ADZA.jpg,https://morrisleslie-buckets-s3-public.s3.eu-west-1.amazonaws.com/motorvehicle/5010/images/1764668624_hOfEVV.jpg,https://morrisleslie-buckets-s3-public.s3.eu-west-1.amazonaws.com/motorvehicle/5010/images/1764668628_F990TM.jpg,https://morrisleslie-buckets-s3-public.s3.eu-west-1.amazonaws.com/motorvehicle/5010/images/1764668631_WQ4Lbu.jpg,https://morrisleslie-buckets-s3-public.s3.eu-west-1.amazonaws.com/motorvehicle/5010/images/1764668635_z7nm3Q.jpg"
FORD C-MAX,Modern Cars,Online Auction,Errol Airfield,FORD,C-MAX,EcoBoost 125 Titanium,5,4015,EA64CGY,13:00,09/12/2025,23/10/2014,Petrol,1,MANUAL,BROWN,22/10/2026,2014,,Buyer To Apply,1.0,71819,Yes,"https://morrisleslie-buckets-s3-public.s3.eu-west-1.amazonaws.com/motorvehicle/5115/images/1764948907_cDoYeC.jpg,https://morrisleslie-buckets-s3-public.s3.eu-west-1.amazonaws.com/motorvehicle/5115/images/1764948912_dwJDy3.jpg,https://morrisleslie-buckets-s3-public.s3.eu-west-1.amazonaws.com/motorvehicle/5115/images/1764948921_sBWfNp.jpg,https://morrisleslie-buckets-s3-public.s3.eu-west-1.amazonaws.com/motorvehicle/5115/images/1764948932_srSlC1.jpg,https://morrisleslie-buckets-s3-public.s3.eu-west-1.amazonaws.com/motorvehicle/5115/images/1764948937_caztpL.jpg,https://morrisleslie-buckets-s3-public.s3.eu-west-1.amazonaws.com/motorvehicle/5115/images/1764948943_gQpyju.jpg,https://morrisleslie-buckets-s3-public.s3.eu-west-1.amazonaws.com/motorvehicle/5115/images/1764948949_lmCwam.jpg,https://morrisleslie-buckets-s3-public.s3.eu-west-1.amazonaws.com/motorvehicle/5115/images/1764948955_6jYLHI.jpg,https://morrisleslie-buckets-s3-public.s3.eu-west-1.amazonaws.com/motorvehicle/5115/images/1764948959_4cRH2W.jpg,https://morrisleslie-buckets-s3-public.s3.eu-west-1.amazonaws.com/motorvehicle/5115/images/1764948965_he6kdB.jpg,https://morrisleslie-buckets-s3-public.s3.eu-west-1.amazonaws.com/motorvehicle/5115/images/1764948971_4DrHbB.jpg"
VOLVO XC70,Modern Cars,Online Auction,Errol Airfield,VOLVO,XC70,D5 SE Lux Geartronic [185],5,4010,HY06WDC,13:00,09/12/2025,20/03/2006,Diesel,5,AUTOMATIC,SILVER,01/10/2026,2006,Margin,Buyer To Apply,2.4,166011,Yes,"https://morrisleslie-buckets-s3-public.s3.eu-west-1.amazonaws.com/motorvehicle/5108/images/1764945522_SU7c1g.jpg,https://morrisleslie-buckets-s3-public.s3.eu-west-1.amazonaws.com/motorvehicle/5108/images/1764945528_YwM9vn.jpg,https://morrisleslie-buckets-s3-public.s3.eu-west-1.amazonaws.com/motorvehicle/5108/images/1764945533_Yfzb1B.jpg,https://morrisleslie-buckets-s3-public.s3.eu-west-1.amazonaws.com/motorvehicle/5108/images/1764945548_0CNkik.jpg,https://morrisleslie-buckets-s3-public.s3.eu-west-1.amazonaws.com/motorvehicle/5108/images/1764945574_Yic4Uq.jpg,https://morrisleslie-buckets-s3-public.s3.eu-west-1.amazonaws.com/motorvehicle/5108/images/1764945579_TbZ2DE.jpg,https://morrisleslie-buckets-s3-public.s3.eu-west-1.amazonaws.com/motorvehicle/5108/images/1764945584_cRBv3j.jpg,https://morrisleslie-buckets-s3-public.s3.eu-west-1.amazonaws.com/motorvehicle/5108/images/1764945589_rg9Zhq.jpg,https://morrisleslie-buckets-s3-public.s3.eu-west-1.amazonaws.com/motorvehicle/5108/images/1764945593_YZXwaX.jpg,https://morrisleslie-buckets-s3-public.s3.eu-west-1.amazonaws.com/motorvehicle/5108/images/1764945598_BKLmce.jpg"
FORD FOCUS,Modern Cars,Online Auction,Errol Airfield,FORD,FOCUS,Zetec,5,4014,KM13BZO,13:00,09/12/2025,25/04/2013,Petrol,2,MANUAL,GREY,09/01/2026,2013,Margin,Here,1.6,91337,Yes,"https://morrisleslie-buckets-s3-public.s3.eu-west-1.amazonaws.com/motorvehicle/5122/images/1765200339_vpwg2R.jpg,https://morrisleslie-buckets-s3-public.s3.eu-west-1.amazonaws.com/motorvehicle/5122/images/1765200342_ui9xwj.jpg,https://morrisleslie-buckets-s3-public.s3.eu-west-1.amazonaws.com/motorvehicle/5122/images/1765200346_WFoRGU.jpg,https://morrisleslie-buckets-s3-public.s3.eu-west-1.amazonaws.com/motorvehicle/5122/images/1765200355_ngM6iA.jpg,https://morrisleslie-buckets-s3-public.s3.eu-west-1.amazonaws.com/motorvehicle/5122/images/1765200361_GGt5qa.jpg,https://morrisleslie-buckets-s3-public.s3.eu-west-1.amazonaws.com/motorvehicle/5122/images/1765200367_KueknR.jpg,https://morrisleslie-buckets-s3-public.s3.eu-west-1.amazonaws.com/motorvehicle/5122/images/1765200372_CW5Pq3.jpg,https://morrisleslie-buckets-s3-public.s3.eu-west-1.amazonaws.com/motorvehicle/5122/images/1765200376_jo8okM.jpg,https://morrisleslie-buckets-s3-public.s3.eu-west-1.amazonaws.com/motorvehicle/5122/images/1765200381_d6GyNo.jpg,https://morrisleslie-buckets-s3-public.s3.eu-west-1.amazonaws.com/motorvehicle/5122/images/1765200386_Po4i8t.jpg,https://morrisleslie-buckets-s3-public.s3.eu-west-1.amazonaws.com/motorvehicle/5122/images/1765200391_FChYrf.jpg,https://morrisleslie-buckets-s3-public.s3.eu-west-1.amazonaws.com/motorvehicle/5122/images/1765200397_9nz3Hg.jpg"
AUDI Q2,Modern Cars,Online Auction,Errol Airfield,AUDI,Q2,35 TFSI Black Edition S Tronic,5,4003,KV20UYM,13:00,09/12/2025,09/03/2020,Diesel,2,SEMI AUTO,GREY,Expired,2020,Margin,Here,,37256,Yes,"https://morrisleslie-buckets-s3-public.s3.eu-west-1.amazonaws.com/motorvehicle/4927/images/1764257510_aBe3Aw.jpg,https://morrisleslie-buckets-s3-public.s3.eu-west-1.amazonaws.com/motorvehicle/4927/images/1764257515_gzZw6j.jpg,https://morrisleslie-buckets-s3-public.s3.eu-west-1.amazonaws.com/motorvehicle/4927/images/1764257520_upQFn3.jpg,https://morrisleslie-buckets-s3-public.s3.eu-west-1.amazonaws.com/motorvehicle/4927/images/1764257525_4QzwtF.jpg,https://morrisleslie-buckets-s3-public.s3.eu-west-1.amazonaws.com/motorvehicle/4927/images/1764257530_L8p84v.jpg,https://morrisleslie-buckets-s3-public.s3.eu-west-1.amazonaws.com/motorvehicle/4927/images/1764257534_fsvJId.jpg,https://morrisleslie-buckets-s3-public.s3.eu-west-1.amazonaws.com/motorvehicle/4927/images/1764257535_25xCzB.jpg,https://morrisleslie-buckets-s3-public.s3.eu-west-1.amazonaws.com/motorvehicle/4927/images/1764257540_qcprvw.jpg,https://morrisleslie-buckets-s3-public.s3.eu-west-1.amazonaws.com/motorvehicle/4927/images/1764257541_gVDgQ3.jpg,https://morrisleslie-buckets-s3-public.s3.eu-west-1.amazonaws.com/motorvehicle/4927/images/1764257547_g2ufBY.jpg,https://morrisleslie-buckets-s3-public.s3.eu-west-1.amazonaws.com/motorvehicle/4927/images/1764257553_LUYscS.jpg,https://morrisleslie-buckets-s3-public.s3.eu-west-1.amazonaws.com/motorvehicle/4927/images/1764257560_ycxp4D.jpg"
FIAT DOBLO,Modern Cars,Online Auction,Errol Airfield,FIAT,DOBLO,Multijet 16V SX Van Start Stop,,4016,SB66EHJ,13:00,09/12/2025,14/12/2016,Diesel,2,MANUAL,WHITE,13/12/2026,2016,Margin,Here,1.3,117707,Yes,"https://morrisleslie-buckets-s3-public.s3.eu-west-1.amazonaws.com/motorvehicle/5073/images/1765199209_uTcuCr.jpg,https://morrisleslie-buckets-s3-public.s3.eu-west-1.amazonaws.com/motorvehicle/5073/images/1765199215_3yHkeA.jpg,https://morrisleslie-buckets-s3-public.s3.eu-west-1.amazonaws.com/motorvehicle/5073/images/1765199221_2DITM3.jpg,https://morrisleslie-buckets-s3-public.s3.eu-west-1.amazonaws.com/motorvehicle/5073/images/1765199227_NaG5wi.jpg,https://morrisleslie-buckets-s3-public.s3.eu-west-1.amazonaws.com/motorvehicle/5073/images/1765199232_cBFAnu.jpg,https://morrisleslie-buckets-s3-public.s3.eu-west-1.amazonaws.com/motorvehicle/5073/images/1765199237_3nbNib.jpg,https://morrisleslie-buckets-s3-public.s3.eu-west-1.amazonaws.com/motorvehicle/5073/images/1765199245_NIbjuk.jpg,https://morrisleslie-buckets-s3-public.s3.eu-west-1.amazonaws.com/motorvehicle/5073/images/1765199250_w8GOGf.jpg,https://morrisleslie-buckets-s3-public.s3.eu-west-1.amazonaws.com/motorvehicle/5073/images/1765199262_HbOflK.jpg,https://morrisleslie-buckets-s3-public.s3.eu-west-1.amazonaws.com/motorvehicle/5073/images/1765199270_OMstl0.jpg,https://morrisleslie-buckets-s3-public.s3.eu-west-1.amazonaws.com/motorvehicle/5073/images/1765199276_H3s4Pf.jpg,https://morrisleslie-buckets-s3-public.s3.eu-west-1.amazonaws.com/motorvehicle/5073/images/1765199278_QsbL8q.jpg,https://morrisleslie-buckets-s3-public.s3.eu-west-1.amazonaws.com/motorvehicle/5073/images/1765199283_uyWHDa.jpg"
PEUGEOT ION,Modern Cars,Online Auction,Errol Airfield,PEUGEOT,ION,47kW 16kWh Auto,5,4007,SD16DWN,13:00,09/12/2025,29/04/2016,Electric,,CVT,WHITE,23/01/2026,2016,VAT Qualifying,Here,,,No,
VAUXHALL CORSA,Modern Cars,Online Auction,Errol Airfield,VAUXHALL,CORSA,ecoFLEX Excite [AC],5,4017,SD65KXA,13:00,09/12/2025,17/09/2015,Petrol,1,MANUAL,WHITE,06/08/2026,2015,,TBC,1.4,,No,
FORD FOCUS,Modern Cars,Online Auction,Errol Airfield,FORD,FOCUS,TDCi 120 Titanium,5,4018,SE16VTK,13:00,09/12/2025,16/07/2016,Diesel,1,MANUAL,BLUE,28/07/2026,2016,Margin,Here,1.5,54742,Yes,
VAUXHALL CORSA,Modern Cars,Online Auction,Errol Airfield,VAUXHALL,CORSA,Turbo GS,5,4019,SG25NOF,13:00,09/12/2025,25/03/2025,Petrol,1,MANUAL,GREY,24/03/2028,2025,Margin,Buyer To Apply,1.2,6194,Yes,
VOLKSWAGEN GOLF,Modern Cars,Online Auction,Errol Airfield,VOLKSWAGEN,GOLF,Match TDI,5,4020,SG58XUK,13:00,09/12/2025,19/09/2008,Diesel,,MANUAL,SILVER,29/09/2026,2008,Margin,TBC,1.9,,No,
FORD FOCUS,Modern Cars,Online Auction,Errol Airfield,FORD,FOCUS,125 EcoBoost Zetec,5,4021,SG63CUX,13:00,09/12/2025,16/10/2013,Petrol,3,MANUAL,SILVER,03/12/2026,2013,,TBC,1.0,,No,
RENAULT ARKANA,Modern Cars,Online Auction,Errol Airfield,RENAULT,ARKANA,E-Tech full hybrid 145 Techno Auto,5,4005,SH72XEL,13:00,09/12/2025,19/12/2022,Hybrid Electric,,AUTOMATIC,RED,18/12/2025,2022,Margin,Here,1.6,93766,Yes,"https://morrisleslie-buckets-s3-public.s3.eu-west-1.amazonaws.com/motorvehicle/5027/images/1764781408_PSKppf.jpg,https://morrisleslie-buckets-s3-public.s3.eu-west-1.amazonaws.com/motorvehicle/5027/images/1764781418_Nst9Eh.jpg,https://morrisleslie-buckets-s3-public.s3.eu-west-1.amazonaws.com/motorvehicle/5027/images/1764781422_zuXTTQ.jpg,https://morrisleslie-buckets-s3-public.s3.eu-west-1.amazonaws.com/motorvehicle/5027/images/1764781428_jUjpNF.jpg,https://morrisleslie-buckets-s3-public.s3.eu-west-1.amazonaws.com/motorvehicle/5027/images/1764781436_w7X202.jpg,https://morrisleslie-buckets-s3-public.s3.eu-west-1.amazonaws.com/motorvehicle/5027/images/1764781442_J6e5k9.jpg,https://morrisleslie-buckets-s3-public.s3.eu-west-1.amazonaws.com/motorvehicle/5027/images/1764781449_Z2AjD9.jpg,https://morrisleslie-buckets-s3-public.s3.eu-west-1.amazonaws.com/motorvehicle/5027/images/1764781456_fvx02e.jpg,https://morrisleslie-buckets-s3-public.s3.eu-west-1.amazonaws.com/motorvehicle/5027/images/1764781460_2QsYwe.jpg,https://morrisleslie-buckets-s3-public.s3.eu-west-1.amazonaws.com/motorvehicle/5027/images/1764781467_0hCa6v.jpg,https://morrisleslie-buckets-s3-public.s3.eu-west-1.amazonaws.com/motorvehicle/5027/images/1764781473_wt2E7B.jpg,https://morrisleslie-buckets-s3-public.s3.eu-west-1.amazonaws.com/motorvehicle/5027/images/1764781477_KJvTX4.jpg,https://morrisleslie-buckets-s3-public.s3.eu-west-1.amazonaws.com/motorvehicle/5027/images/1764781493_jF4Jur.jpg"
SKODA OCTAVIA,Modern Cars,Online Auction,Errol Airfield,SKODA,OCTAVIA,TDI CR 110 SE,5,4008,SK16JYZ,13:00,09/12/2025,01/03/2016,Diesel,2,MANUAL,GREY,31/03/2026,2016,,Here,1.6,173312,Yes,"https://morrisleslie-buckets-s3-public.s3.eu-west-1.amazonaws.com/motorvehicle/5104/images/1764865574_Y7lOgL.jpg,https://morrisleslie-buckets-s3-public.s3.eu-west-1.amazonaws.com/motorvehicle/5104/images/1764865580_88zdZI.jpg,https://morrisleslie-buckets-s3-public.s3.eu-west-1.amazonaws.com/motorvehicle/5104/images/1764865585_eJQgZ9.jpg,https://morrisleslie-buckets-s3-public.s3.eu-west-1.amazonaws.com/motorvehicle/5104/images/1764865591_cDVtIn.jpg,https://morrisleslie-buckets-s3-public.s3.eu-west-1.amazonaws.com/motorvehicle/5104/images/1764865595_iAAIOJ.jpg,https://morrisleslie-buckets-s3-public.s3.eu-west-1.amazonaws.com/motorvehicle/5104/images/1764865600_Ldtg3s.jpg,https://morrisleslie-buckets-s3-public.s3.eu-west-1.amazonaws.com/motorvehicle/5104/images/1764865606_BbI7MR.jpg,https://morrisleslie-buckets-s3-public.s3.eu-west-1.amazonaws.com/motorvehicle/5104/images/1764865611_H3LbFy.jpg,https://morrisleslie-buckets-s3-public.s3.eu-west-1.amazonaws.com/motorvehicle/5104/images/1764865618_FgSU0e.jpg,https://morrisleslie-buckets-s3-public.s3.eu-west-1.amazonaws.com/motorvehicle/5104/images/1764865629_RC5fMc.jpg,https://morrisleslie-buckets-s3-public.s3.eu-west-1.amazonaws.com/motorvehicle/5104/images/1764865630_UPPsja.jpg,https://morrisleslie-buckets-s3-public.s3.eu-west-1.amazonaws.com/motorvehicle/5104/images/1764865634_lWhV2G.jpg"
FORD FOCUS,Modern Cars,Online Auction,Errol Airfield,FORD,FOCUS,Zetec S,3,4022,SM59FJU,13:00,09/12/2025,21/11/2009,Petrol,1,MANUAL,WHITE,Expired,2009,Margin,Here,1.8,80962,Yes,"https://morrisleslie-buckets-s3-public.s3.eu-west-1.amazonaws.com/motorvehicle/5114/images/1764949614_xI4cXA.jpg,https://morrisleslie-buckets-s3-public.s3.eu-west-1.amazonaws.com/motorvehicle/5114/images/1764949620_0XXM4M.jpg,https://morrisleslie-buckets-s3-public.s3.eu-west-1.amazonaws.com/motorvehicle/5114/images/1764949625_0wUuQ4.jpg,https://morrisleslie-buckets-s3-public.s3.eu-west-1.amazonaws.com/motorvehicle/5114/images/1764949627_a1LDDg.jpg,https://morrisleslie-buckets-s3-public.s3.eu-west-1.amazonaws.com/motorvehicle/5114/images/1764949632_quOamT.jpg,https://morrisleslie-buckets-s3-public.s3.eu-west-1.amazonaws.com/motorvehicle/5114/images/1764949638_mb3NjY.jpg,https://morrisleslie-buckets-s3-public.s3.eu-west-1.amazonaws.com/motorvehicle/5114/images/1764949648_fOTe4Z.jpg,https://morrisleslie-buckets-s3-public.s3.eu-west-1.amazonaws.com/motorvehicle/5114/images/1764949650_OAncfW.jpg,https://morrisleslie-buckets-s3-public.s3.eu-west-1.amazonaws.com/motorvehicle/5114/images/1764949655_TmGKgI.jpg,https://morrisleslie-buckets-s3-public.s3.eu-west-1.amazonaws.com/motorvehicle/5114/images/1764949656_dUP4Xv.jpg,https://morrisleslie-buckets-s3-public.s3.eu-west-1.amazonaws.com/motorvehicle/5114/images/1764949657_ImqfGa.jpg"
VOLKSWAGEN POLO,Modern Cars,Online Auction,Errol Airfield,VOLKSWAGEN,POLO,60 Match,5,4023,SM62EDF,13:00,09/12/2025,12/11/2012,Petrol,2,MANUAL,WHITE,01/12/2026,2012,Margin,Here,1.2,119081,Yes,
SUBARU FORESTER,Modern Cars,Online Auction,Errol Airfield,SUBARU,FORESTER,XE,5,4024,SN64NGO,13:00,09/12/2025,01/09/2014,Petrol,,MANUAL,BLUE,31/08/2026,2014,Margin,Here,2.0,77818,Yes,
KIA SPORTAGE,Modern Cars,Online Auction,Errol Airfield,KIA,SPORTAGE,CRDi ISG 3,5,4025,SO16TPX,13:00,09/12/2025,20/08/2016,Diesel,,MANUAL,RED,29/08/2026,2016,,Here,1.7,83738,Yes,"https://morrisleslie-buckets-s3-public.s3.eu-west-1.amazonaws.com/motorvehicle/5121/images/1765200603_YrjOVa.jpg,https://morrisleslie-buckets-s3-public.s3.eu-west-1.amazonaws.com/motorvehicle/5121/images/1765200607_aDVjsS.jpg,https://morrisleslie-buckets-s3-public.s3.eu-west-1.amazonaws.com/motorvehicle/5121/images/1765200611_Fo8G0q.jpg,https://morrisleslie-buckets-s3-public.s3.eu-west-1.amazonaws.com/motorvehicle/5121/images/1765200615_HhZ2Et.jpg,https://morrisleslie-buckets-s3-public.s3.eu-west-1.amazonaws.com/motorvehicle/5121/images/1765200622_iuXUlh.jpg,https://morrisleslie-buckets-s3-public.s3.eu-west-1.amazonaws.com/motorvehicle/5121/images/1765200628_wdyxIo.jpg,https://morrisleslie-buckets-s3-public.s3.eu-west-1.amazonaws.com/motorvehicle/5121/images/1765200632_qLUVTc.jpg,https://morrisleslie-buckets-s3-public.s3.eu-west-1.amazonaws.com/motorvehicle/5121/images/1765200637_b4gPeU.jpg,https://morrisleslie-buckets-s3-public.s3.eu-west-1.amazonaws.com/motorvehicle/5121/images/1765200642_edGL7R.jpg,https://morrisleslie-buckets-s3-public.s3.eu-west-1.amazonaws.com/motorvehicle/5121/images/1765200647_CAvJAp.jpg,https://morrisleslie-buckets-s3-public.s3.eu-west-1.amazonaws.com/motorvehicle/5121/images/1765200653_P8UXfV.jpg,https://morrisleslie-buckets-s3-public.s3.eu-west-1.amazonaws.com/motorvehicle/5121/images/1765200660_EPbpq6.jpg"
SKODA FABIA,Modern Cars,Online Auction,Errol Airfield,SKODA,FABIA,TSI 90 SE,5,4026,SO65KFY,13:00,09/12/2025,23/01/2016,Petrol,,MANUAL,BLUE,06/11/2026,2016,Margin,Here,1.2,111909,Yes,
NISSAN QASHQAI,Modern Cars,Online Auction,Errol Airfield,NISSAN,QASHQAI,DiG-T Acenta Premium,5,4013,SP14YVV,13:00,09/12/2025,05/04/2014,Petrol,1,MANUAL,BLACK,04/04/2026,2014,Margin,Here,1.2,58205,Yes,"https://morrisleslie-buckets-s3-public.s3.eu-west-1.amazonaws.com/motorvehicle/5109/images/1764948509_TWuAwn.jpg,https://morrisleslie-buckets-s3-public.s3.eu-west-1.amazonaws.com/motorvehicle/5109/images/1764948513_xZDCqK.jpg,https://morrisleslie-buckets-s3-public.s3.eu-west-1.amazonaws.com/motorvehicle/5109/images/1764948519_F6spvY.jpg,https://morrisleslie-buckets-s3-public.s3.eu-west-1.amazonaws.com/motorvehicle/5109/images/1764948525_LmCBb6.jpg,https://morrisleslie-buckets-s3-public.s3.eu-west-1.amazonaws.com/motorvehicle/5109/images/1764948531_evq30B.jpg,https://morrisleslie-buckets-s3-public.s3.eu-west-1.amazonaws.com/motorvehicle/5109/images/1764948539_txk1Uc.jpg,https://morrisleslie-buckets-s3-public.s3.eu-west-1.amazonaws.com/motorvehicle/5109/images/1764948544_G9ETaq.jpg,https://morrisleslie-buckets-s3-public.s3.eu-west-1.amazonaws.com/motorvehicle/5109/images/1764948545_7W5Pmi.jpg,https://morrisleslie-buckets-s3-public.s3.eu-west-1.amazonaws.com/motorvehicle/5109/images/1764948554_trhoO9.jpg,https://morrisleslie-buckets-s3-public.s3.eu-west-1.amazonaws.com/motorvehicle/5109/images/1764948560_nRGPza.jpg,https://morrisleslie-buckets-s3-public.s3.eu-west-1.amazonaws.com/motorvehicle/5109/images/1764948562_Qf17Fi.jpg,https://morrisleslie-buckets-s3-public.s3.eu-west-1.amazonaws.com/motorvehicle/5109/images/1764948568_F6VJ5v.jpg"
FORD FOCUS,Modern Cars,Online Auction,Errol Airfield,FORD,FOCUS,EcoBoost 125 Titanium,5,4027,SR16VXX,13:00,09/12/2025,28/05/2016,Petrol,1,MANUAL,RED,27/02/2026,2016,,Here,1.0,71575,Yes,"https://morrisleslie-buckets-s3-public.s3.eu-west-1.amazonaws.com/motorvehicle/5123/images/1765199532_mMwuzI.jpg,https://morrisleslie-buckets-s3-public.s3.eu-west-1.amazonaws.com/motorvehicle/5123/images/1765199537_MMBvO5.jpg,https://morrisleslie-buckets-s3-public.s3.eu-west-1.amazonaws.com/motorvehicle/5123/images/1765199542_GCb6xh.jpg,https://morrisleslie-buckets-s3-public.s3.eu-west-1.amazonaws.com/motorvehicle/5123/images/1765199549_F1ulSI.jpg,https://morrisleslie-buckets-s3-public.s3.eu-west-1.amazonaws.com/motorvehicle/5123/images/1765199559_xdIRTI.jpg,https://morrisleslie-buckets-s3-public.s3.eu-west-1.amazonaws.com/motorvehicle/5123/images/1765199564_7cZKba.jpg,https://morrisleslie-buckets-s3-public.s3.eu-west-1.amazonaws.com/motorvehicle/5123/images/1765199568_dCmp5H.jpg,https://morrisleslie-buckets-s3-public.s3.eu-west-1.amazonaws.com/motorvehicle/5123/images/1765199573_I7Tf8T.jpg,https://morrisleslie-buckets-s3-public.s3.eu-west-1.amazonaws.com/motorvehicle/5123/images/1765199577_LdhzkA.jpg,https://morrisleslie-buckets-s3-public.s3.eu-west-1.amazonaws.com/motorvehicle/5123/images/1765199582_57PXie.jpg,https://morrisleslie-buckets-s3-public.s3.eu-west-1.amazonaws.com/motorvehicle/5123/images/1765199586_PvGsEL.jpg,https://morrisleslie-buckets-s3-public.s3.eu-west-1.amazonaws.com/motorvehicle/5123/images/1765199591_GGcm4D.jpg"
FORD FIESTA,Modern Cars,Online Auction,Errol Airfield,FORD,FIESTA,EcoBoost Titanium,5,4028,SR18MWJ,13:00,09/12/2025,27/03/2018,Petrol,1,MANUAL,SILVER,26/01/2026,2018,,TBC,1.0,,No,
AUDI Q2 S LINE 35 TFSI S-A,Modern Cars,Online Auction,Errol Airfield,AUDI,Q2 S LINE 35 TFSI S-A,,,4000,SR21XOF,13:00,09/12/2025,07/06/2021,Petrol,,,GREY,,2021,Margin,Buyer To Apply,,31148,Yes,"https://morrisleslie-buckets-s3-public.s3.eu-west-1.amazonaws.com/motorvehicle/5075/images/1764764183_ItAKSt.jpg,https://morrisleslie-buckets-s3-public.s3.eu-west-1.amazonaws.com/motorvehicle/5075/images/1764764187_FVpqYq.jpg,https://morrisleslie-buckets-s3-public.s3.eu-west-1.amazonaws.com/motorvehicle/5075/images/1764764192_iYzfOo.jpg,https://morrisleslie-buckets-s3-public.s3.eu-west-1.amazonaws.com/motorvehicle/5075/images/1764764201_7zDfhr.jpg,https://morrisleslie-buckets-s3-public.s3.eu-west-1.amazonaws.com/motorvehicle/5075/images/1764764207_cHe5QS.jpg,https://morrisleslie-buckets-s3-public.s3.eu-west-1.amazonaws.com/motorvehicle/5075/images/1764764211_QSfeme.jpg,https://morrisleslie-buckets-s3-public.s3.eu-west-1.amazonaws.com/motorvehicle/5075/images/1764764212_FZLmz9.jpg,https://morrisleslie-buckets-s3-public.s3.eu-west-1.amazonaws.com/motorvehicle/5075/images/1764764216_SvSIry.jpg,https://morrisleslie-buckets-s3-public.s3.eu-west-1.amazonaws.com/motorvehicle/5075/images/1764764223_NYrbYe.jpg,https://morrisleslie-buckets-s3-public.s3.eu-west-1.amazonaws.com/motorvehicle/5075/images/1764764228_d9nGL7.jpg,https://morrisleslie-buckets-s3-public.s3.eu-west-1.amazonaws.com/motorvehicle/5075/images/1764764234_fyBnCa.jpg,https://morrisleslie-buckets-s3-public.s3.eu-west-1.amazonaws.com/motorvehicle/5075/images/1764764237_GmnZN7.jpg"
FORD FIESTA,Modern Cars,Online Auction,Errol Airfield,FORD,FIESTA,EcoBoost Titanium,5,4029,ST63ZDO,13:00,09/12/2025,14/02/2014,Petrol,1,MANUAL,BLUE,26/06/2026,2014,Margin,Here,1.0,70247,Yes,
FORD KUGA,Modern Cars,Online Auction,Errol Airfield,FORD,KUGA,TDCi 150 Zetec,5,4009,ST66KUD,13:00,09/12/2025,24/11/2016,Diesel,1,MANUAL,WHITE,,2016,Margin,Here,2.0,52580,Yes,"https://morrisleslie-buckets-s3-public.s3.eu-west-1.amazonaws.com/motorvehicle/5107/images/1764946466_0mqThI.jpg,https://morrisleslie-buckets-s3-public.s3.eu-west-1.amazonaws.com/motorvehicle/5107/images/1764946473_tPxOs5.jpg,https://morrisleslie-buckets-s3-public.s3.eu-west-1.amazonaws.com/motorvehicle/5107/images/1764946479_aDqUb4.jpg,https://morrisleslie-buckets-s3-public.s3.eu-west-1.amazonaws.com/motorvehicle/5107/images/1764946492_WjN4jD.jpg,https://morrisleslie-buckets-s3-public.s3.eu-west-1.amazonaws.com/motorvehicle/5107/images/1764946498_8Xqush.jpg,https://morrisleslie-buckets-s3-public.s3.eu-west-1.amazonaws.com/motorvehicle/5107/images/1764946506_9I94NT.jpg,https://morrisleslie-buckets-s3-public.s3.eu-west-1.amazonaws.com/motorvehicle/5107/images/1764946511_OzNAgm.jpg,https://morrisleslie-buckets-s3-public.s3.eu-west-1.amazonaws.com/motorvehicle/5107/images/1764946516_8cXFT8.jpg,https://morrisleslie-buckets-s3-public.s3.eu-west-1.amazonaws.com/motorvehicle/5107/images/1764946517_MxcjbL.jpg,https://morrisleslie-buckets-s3-public.s3.eu-west-1.amazonaws.com/motorvehicle/5107/images/1764946522_g6Iytf.jpg,https://morrisleslie-buckets-s3-public.s3.eu-west-1.amazonaws.com/motorvehicle/5107/images/1764946530_s5tLXg.jpg,https://morrisleslie-buckets-s3-public.s3.eu-west-1.amazonaws.com/motorvehicle/5107/images/1764946537_x961YD.jpg"
PEUGEOT 3008,Modern Cars,Online Auction,Errol Airfield,PEUGEOT,3008,PureTech GT Line,5,4030,ST69POJ,13:00,09/12/2025,10/01/2020,Petrol,,MANUAL,RED,09/01/2026,2020,Margin,Here,1.2,60153,Yes,
SUBARU XV,Modern Cars,Online Auction,Errol Airfield,SUBARU,XV,2.0D SE,5,4012,SV65KSO,13:00,09/12/2025,02/09/2015,Diesel,1,MANUAL,BLUE,31/01/2026,2015,Margin,Here,,90777,Yes,"https://morrisleslie-buckets-s3-public.s3.eu-west-1.amazonaws.com/motorvehicle/5110/images/1764948750_sO29uT.jpg,https://morrisleslie-buckets-s3-public.s3.eu-west-1.amazonaws.com/motorvehicle/5110/images/1764948824_FEIcTe.jpg,https://morrisleslie-buckets-s3-public.s3.eu-west-1.amazonaws.com/motorvehicle/5110/images/1764948767_TIvZld.jpg,https://morrisleslie-buckets-s3-public.s3.eu-west-1.amazonaws.com/motorvehicle/5110/images/1764948774_lU9uzU.jpg,https://morrisleslie-buckets-s3-public.s3.eu-west-1.amazonaws.com/motorvehicle/5110/images/1764948819_qt5NAz.jpg,https://morrisleslie-buckets-s3-public.s3.eu-west-1.amazonaws.com/motorvehicle/5110/images/1764948826_vuxYSU.jpg,https://morrisleslie-buckets-s3-public.s3.eu-west-1.amazonaws.com/motorvehicle/5110/images/1764948827_tccmY3.jpg,https://morrisleslie-buckets-s3-public.s3.eu-west-1.amazonaws.com/motorvehicle/5110/images/1764948829_KeeUpE.jpg,https://morrisleslie-buckets-s3-public.s3.eu-west-1.amazonaws.com/motorvehicle/5110/images/1764948831_LukRiT.jpg,https://morrisleslie-buckets-s3-public.s3.eu-west-1.amazonaws.com/motorvehicle/5110/images/1764948832_wdNDJ4.jpg,https://morrisleslie-buckets-s3-public.s3.eu-west-1.amazonaws.com/motorvehicle/5110/images/1764948833_vb3lc4.jpg,https://morrisleslie-buckets-s3-public.s3.eu-west-1.amazonaws.com/motorvehicle/5110/images/1764948835_1YLccS.jpg"
KIA SPORTAGE,Modern Cars,Online Auction,Errol Airfield,KIA,SPORTAGE,1.6T GDi ISG 3,5,4004,SV72WUD,13:00,09/12/2025,06/09/2022,Petrol,1,MANUAL,GREY,04/08/2026,2022,Margin,TBC,,24182,Yes,"https://morrisleslie-buckets-s3-public.s3.eu-west-1.amazonaws.com/motorvehicle/5066/1764777812_jJiruk.jpg,https://morrisleslie-buckets-s3-public.s3.eu-west-1.amazonaws.com/motorvehicle/5066/images/1764764362_TOb8iH.jpg,https://morrisleslie-buckets-s3-public.s3.eu-west-1.amazonaws.com/motorvehicle/5066/images/1764764368_425EoA.jpg,https://morrisleslie-buckets-s3-public.s3.eu-west-1.amazonaws.com/motorvehicle/5066/images/1764764373_6ZiJqY.jpg,https://morrisleslie-buckets-s3-public.s3.eu-west-1.amazonaws.com/motorvehicle/5066/images/1764764378_t96l6z.jpg,https://morrisleslie-buckets-s3-public.s3.eu-west-1.amazonaws.com/motorvehicle/5066/images/1764764386_BcxqbM.jpg,https://morrisleslie-buckets-s3-public.s3.eu-west-1.amazonaws.com/motorvehicle/5066/images/1764764392_IQ29sw.jpg,https://morrisleslie-buckets-s3-public.s3.eu-west-1.amazonaws.com/motorvehicle/5066/images/1764764400_EY5yum.jpg,https://morrisleslie-buckets-s3-public.s3.eu-west-1.amazonaws.com/motorvehicle/5066/images/1764764409_fO9kTn.jpg,https://morrisleslie-buckets-s3-public.s3.eu-west-1.amazonaws.com/motorvehicle/5066/images/1764764410_6Zafaj.jpg,https://morrisleslie-buckets-s3-public.s3.eu-west-1.amazonaws.com/motorvehicle/5066/images/1764764419_rQTbqc.jpg,https://morrisleslie-buckets-s3-public.s3.eu-west-1.amazonaws.com/motorvehicle/5066/images/1764764420_8svGkx.jpg,https://morrisleslie-buckets-s3-public.s3.eu-west-1.amazonaws.com/motorvehicle/5066/images/1764764425_C2pzQH.jpg"
HYUNDAI TUCSON,Modern Cars,Online Auction,Errol Airfield,HYUNDAI,TUCSON,TGDi 48V MHD SE Connect 2WD,5,4002,WV21BBX,13:00,09/12/2025,18/03/2021,Hybrid Electric,2,MANUAL,GREY,19/03/2026,2021,Margin,Here,1.6,44547,Yes,"https://morrisleslie-buckets-s3-public.s3.eu-west-1.amazonaws.com/motorvehicle/4638/images/1762784899_C6FAub.jpg,https://morrisleslie-buckets-s3-public.s3.eu-west-1.amazonaws.com/motorvehicle/4638/images/1762784905_GfZ8A2.jpg,https://morrisleslie-buckets-s3-public.s3.eu-west-1.amazonaws.com/motorvehicle/4638/images/1762784909_hK4d0n.jpg,https://morrisleslie-buckets-s3-public.s3.eu-west-1.amazonaws.com/motorvehicle/4638/images/1762784920_j2YG4o.jpg,https://morrisleslie-buckets-s3-public.s3.eu-west-1.amazonaws.com/motorvehicle/4638/images/1762784926_VrXrAp.jpg,https://morrisleslie-buckets-s3-public.s3.eu-west-1.amazonaws.com/motorvehicle/4638/images/1762784931_v7GRx1.jpg,https://morrisleslie-buckets-s3-public.s3.eu-west-1.amazonaws.com/motorvehicle/4638/images/1762784936_Hac1T5.jpg,https://morrisleslie-buckets-s3-public.s3.eu-west-1.amazonaws.com/motorvehicle/4638/images/1762784939_1TRvQY.jpg,https://morrisleslie-buckets-s3-public.s3.eu-west-1.amazonaws.com/motorvehicle/4638/images/1762784944_cbNUSd.jpg,https://morrisleslie-buckets-s3-public.s3.eu-west-1.amazonaws.com/motorvehicle/4638/images/1762784950_EMCfq3.jpg,https://morrisleslie-buckets-s3-public.s3.eu-west-1.amazonaws.com/motorvehicle/4638/images/1762784955_7jVnoU.jpg,https://morrisleslie-buckets-s3-public.s3.eu-west-1.amazonaws.com/motorvehicle/4638/images/1762784956_OSht22.jpg"
