Auction Name,Sheet id,Auction House,Title,Reg,Make,Model,Variant,Lot,Body type,Fuel Type,Transmission,Center,Start Date,Start Time,D.O.R,Year,Mileage,Mileage Warranted,V5,MOT Expiry Date,Service History,VAT Status,Vendor,Former Keepers,CC,Service Notes,Inspection Report,Images,Damaged_images,Damage_details,Additional Information
VAN & CAR AUCTION,21,Commercial Vehicle Auctions LTD,Land Rover Defender TDCi 2.2 110PS,AE63HWZ,Land Rover,Defender,TDCi 2.2 110PS,,4x4,Diesel,MANUAL,Doncaster,2026-01-22,10:00:00,2013-10-18,2013,71781,Warranted,Here,13/07/2026,,Plus VAT,DIRECT FINANCE & LEASING COMPANY,,2.2,*WARNING LIGHT ON DASH* TOW BAR,https://www.cva-auctions.co.uk/motorvehicleinspectionreport/standard/9821.pdf,"https://eu.cdn.autosonshow.tv/1319/autoimagewithtaggingandext360/AE63HWZ/e01.jpg?db43c938a4b68a8a57a4dcb76d49eee4,https://eu.cdn.autosonshow.tv/1319/autoimagewithtaggingandext360/AE63HWZ/e02.jpg?db43c938a4b68a8a57a4dcb76d49eee4,https://eu.cdn.autosonshow.tv/1319/autoimagewithtaggingandext360/AE63HWZ/e03.jpg?db43c938a4b68a8a57a4dcb76d49eee4,https://eu.cdn.autosonshow.tv/1319/autoimagewithtaggingandext360/AE63HWZ/e04.jpg?db43c938a4b68a8a57a4dcb76d49eee4,https://eu.cdn.autosonshow.tv/1319/autoimagewithtaggingandext360/AE63HWZ/e05.jpg?db43c938a4b68a8a57a4dcb76d49eee4,https://eu.cdn.autosonshow.tv/1319/autoimagewithtaggingandext360/AE63HWZ/e06.jpg?db43c938a4b68a8a57a4dcb76d49eee4,https://eu.cdn.autosonshow.tv/1319/autoimagewithtaggingandext360/AE63HWZ/e07.jpg?db43c938a4b68a8a57a4dcb76d49eee4,https://eu.cdn.autosonshow.tv/1319/autoimagewithtaggingandext360/AE63HWZ/e08.jpg?db43c938a4b68a8a57a4dcb76d49eee4,https://eu.cdn.autosonshow.tv/1319/autoimagewithtaggingandext360/AE63HWZ/e09.jpg?db43c938a4b68a8a57a4dcb76d49eee4","https://eu.cdn.autosonshow.tv/1319/autoimagewithtaggingandext360/AE63HWZ/e06.jpg?db43c938a4b68a8a57a4dcb76d49eee4,https://eu.cdn.autosonshow.tv/1319/autoimagewithtaggingandext360/AE63HWZ/e07.jpg?db43c938a4b68a8a57a4dcb76d49eee4,https://eu.cdn.autosonshow.tv/1319/autoimagewithtaggingandext360/AE63HWZ/e08.jpg?db43c938a4b68a8a57a4dcb76d49eee4,https://eu.cdn.autosonshow.tv/1319/autoimagewithtaggingandext360/AE63HWZ/e09.jpg?db43c938a4b68a8a57a4dcb76d49eee4",,"{'Additional Information': {'Length': '4.63m', 'Width': '1.79m', 'Height': '2.18m', 'Imported': ''}}"
VAN & CAR AUCTION,21,Commercial Vehicle Auctions LTD,Ssangyong Musso 2.2TD 202PS SARACEN,AP72WAE,Ssangyong,Musso,2.2TD 202PS SARACEN,,Pickup Double Cab,Diesel,AUTOMATIC,Bedford,2026-01-22,10:00:00,2022-11-03,2022,57748,Not Warranted,Buyer To Apply,02/11/2026,,Plus VAT,DIRECT FINANCE COMPANY,1,2.2,"*REAR PANEL WINDOW MISSING* AD-BLUE, TOW BAR, E/MIRRORS",https://www.cva-auctions.co.uk/motorvehicleinspectionreport/standard/10179.pdf,"https://eu.cdn.autosonshow.tv/1319/autoimagewithtaggingandext360/AP72WAE/e01.jpg?f72dc33348006a8dd9025e34cf8d9036,https://eu.cdn.autosonshow.tv/1319/autoimagewithtaggingandext360/AP72WAE/e02.jpg?f72dc33348006a8dd9025e34cf8d9036,https://eu.cdn.autosonshow.tv/1319/autoimagewithtaggingandext360/AP72WAE/e03.jpg?f72dc33348006a8dd9025e34cf8d9036,https://eu.cdn.autosonshow.tv/1319/autoimagewithtaggingandext360/AP72WAE/e04.jpg?f72dc33348006a8dd9025e34cf8d9036","https://eu.cdn.autosonshow.tv/1319/autoimagewithtaggingandext360/AP72WAE/e01.jpg?f72dc33348006a8dd9025e34cf8d9036,https://eu.cdn.autosonshow.tv/1319/autoimagewithtaggingandext360/AP72WAE/e02.jpg?f72dc33348006a8dd9025e34cf8d9036,https://eu.cdn.autosonshow.tv/1319/autoimagewithtaggingandext360/AP72WAE/e03.jpg?f72dc33348006a8dd9025e34cf8d9036,https://eu.cdn.autosonshow.tv/1319/autoimagewithtaggingandext360/AP72WAE/e04.jpg?f72dc33348006a8dd9025e34cf8d9036",,"{'Additional Information': {'Length': '5.10m', 'Width': '1.95m', 'Height': '1.87m', 'Imported': ''}}"
VAN & CAR AUCTION,21,Commercial Vehicle Auctions LTD,MERCEDES-BENZ SPRINTER 2.2 313 CDI,AV62AVO,MERCEDES-BENZ,SPRINTER,2.2 313 CDI,,Panel Van MWB,Diesel,MANUAL,Livingston,2026-01-22,10:00:00,2012-09-21,2012,186410,Warranted,Here,05/10/2026,,Plus VAT,,3,2.1,"*WARNING LIGHT ON DASH* SEVERE ENGINE KNOCK, SIDE LOAD DOOR",https://www.cva-auctions.co.uk/motorvehicleinspectionreport/standard/10296.pdf,,,,"{'Additional Information': {'Length': '5.91m', 'Width': '1.99m', 'Height': '2.42m', 'Imported': ''}}"
VAN & CAR AUCTION,21,Commercial Vehicle Auctions LTD,Nissan Interstar TEKNA 2.3 DCI 135PS,BJ22KHY,Nissan,Interstar,TEKNA 2.3 DCI 135PS,,Panel Van L3,Diesel,MANUAL,Bedford,2026-01-22,10:00:00,2022-03-31,2022,88622,Not Warranted,Buyer To Apply,30/03/2026,,Plus VAT,DIRECT FINANCE COMPANY,,2.3,"*WARNING LIGHT ON DASH* SIDE LOADING DOOR, E/MIRRORS",https://www.cva-auctions.co.uk/motorvehicleinspectionreport/standard/10035.pdf,"https://eu.cdn.autosonshow.tv/1319/autoimagewithtaggingandext360/BJ22KHY/e01.jpg?40a13bfc674a287272a2b54c995b3fdd,https://eu.cdn.autosonshow.tv/1319/autoimagewithtaggingandext360/BJ22KHY/e02.jpg?40a13bfc674a287272a2b54c995b3fdd,https://eu.cdn.autosonshow.tv/1319/autoimagewithtaggingandext360/BJ22KHY/e03.jpg?40a13bfc674a287272a2b54c995b3fdd,https://eu.cdn.autosonshow.tv/1319/autoimagewithtaggingandext360/BJ22KHY/e04.jpg?40a13bfc674a287272a2b54c995b3fdd","https://eu.cdn.autosonshow.tv/1319/autoimagewithtaggingandext360/BJ22KHY/e01.jpg?40a13bfc674a287272a2b54c995b3fdd,https://eu.cdn.autosonshow.tv/1319/autoimagewithtaggingandext360/BJ22KHY/e02.jpg?40a13bfc674a287272a2b54c995b3fdd,https://eu.cdn.autosonshow.tv/1319/autoimagewithtaggingandext360/BJ22KHY/e03.jpg?40a13bfc674a287272a2b54c995b3fdd,https://eu.cdn.autosonshow.tv/1319/autoimagewithtaggingandext360/BJ22KHY/e04.jpg?40a13bfc674a287272a2b54c995b3fdd",,"{'Additional Information': {'Length': '6.20m', 'Width': '2.07m', 'Height': '2.49m', 'Imported': ''}}"
VAN & CAR AUCTION,21,Commercial Vehicle Auctions LTD,NISSAN E-NV200 Acenta,BL16TPU,NISSAN,E-NV200,Acenta,,Panel Van MWB,Electric,AUTOMATIC,Doncaster,2026-01-22,10:00:00,2016-05-31,2016,45665,Warranted,Here,20/04/2026,,Plus VAT,DIRECT COUNCIL - 30% BUYERS PREMIUM ON THIS VEHICLE,,,"*CAB HEATING REQUIRES ATT* TWIN SIDE LOAD DOOR, E/MIRRORS,",https://www.cva-auctions.co.uk/motorvehicleinspectionreport/standard/10207.pdf,,,,"{'Additional Information': {'Length': '4.56m', 'Width': '2.01m', 'Height': '1.86m', 'Imported': ''}}"
VAN & CAR AUCTION,21,Commercial Vehicle Auctions LTD,PEUGEOT BOXER 335 2.2 BLUE HDI 140PS,BV71ZPU,PEUGEOT,BOXER,335 2.2 BLUE HDI 140PS,,Luton L4,Diesel,MANUAL,Bedford,2026-01-22,10:00:00,2021-09-07,2021,102745,Not Warranted,Buyer To Apply,06/09/2026,,Plus VAT,DIRECT FINANCE COMPANY,1,2.2,E/MIRRORS,https://www.cva-auctions.co.uk/motorvehicleinspectionreport/standard/10016.pdf,,,,"{'Additional Information': {'Length': '5.94m', 'Width': '2.05m', 'Height': '2.25m', 'Imported': ''}}"
VAN & CAR AUCTION,21,Commercial Vehicle Auctions LTD,PEUGEOT BOXER 435 2.0 BlueHDi H2 Professional Van 130ps,CF68XHR,PEUGEOT,BOXER,435 2.0 BlueHDi H2 Professional Van 130ps,,Messing Unit,Diesel,MANUAL,Doncaster,2026-01-22,10:00:00,2019-02-05,2019,43262,Not Warranted,Here,11/12/2026,,Plus VAT,,1,2.0,"TOW BAR, E/MIRRORS, AD-BLUE, SINK & SEATING IN REAR",https://www.cva-auctions.co.uk/motorvehicleinspectionreport/standard/10194.pdf,"https://eu.cdn.autosonshow.tv/1319/autoimagewithtaggingandext360/CF68XHR/e01.jpg?7eb9181fd206173c6e2f744c93717af0,https://eu.cdn.autosonshow.tv/1319/autoimagewithtaggingandext360/CF68XHR/e02.jpg?7eb9181fd206173c6e2f744c93717af0,https://eu.cdn.autosonshow.tv/1319/autoimagewithtaggingandext360/CF68XHR/e03.jpg?7eb9181fd206173c6e2f744c93717af0,https://eu.cdn.autosonshow.tv/1319/autoimagewithtaggingandext360/CF68XHR/e04.jpg?7eb9181fd206173c6e2f744c93717af0","https://eu.cdn.autosonshow.tv/1319/autoimagewithtaggingandext360/CF68XHR/e01.jpg?7eb9181fd206173c6e2f744c93717af0,https://eu.cdn.autosonshow.tv/1319/autoimagewithtaggingandext360/CF68XHR/e02.jpg?7eb9181fd206173c6e2f744c93717af0,https://eu.cdn.autosonshow.tv/1319/autoimagewithtaggingandext360/CF68XHR/e03.jpg?7eb9181fd206173c6e2f744c93717af0,https://eu.cdn.autosonshow.tv/1319/autoimagewithtaggingandext360/CF68XHR/e04.jpg?7eb9181fd206173c6e2f744c93717af0",,"{'Additional Information': {'Length': '6.36m', 'Width': '2.05m', 'Height': '2.52m', 'Imported': ''}}"
VAN & CAR AUCTION,21,Commercial Vehicle Auctions LTD,Isuzu D-Max 2.5 TD,DE64FKD,Isuzu,D-Max,2.5 TD,,Pickup Single Cab,Diesel,MANUAL,Bedford,2026-01-22,10:00:00,2014-11-04,2014,98442,Warranted,Here,06/11/2026,,Plus VAT,DIRECT PLANT HIRE COMPANY,,2.5,*INTERNAL GEARBOX ISSUE* TOW BAR,https://www.cva-auctions.co.uk/motorvehicleinspectionreport/standard/10019.pdf,"https://eu.cdn.autosonshow.tv/1319/autoimagewithtaggingandext360/DE64FKD/e01.jpg?2cfc2e103d81c50c7d279e7ff071fb1a,https://eu.cdn.autosonshow.tv/1319/autoimagewithtaggingandext360/DE64FKD/e02.jpg?2cfc2e103d81c50c7d279e7ff071fb1a,https://eu.cdn.autosonshow.tv/1319/autoimagewithtaggingandext360/DE64FKD/e03.jpg?2cfc2e103d81c50c7d279e7ff071fb1a,https://eu.cdn.autosonshow.tv/1319/autoimagewithtaggingandext360/DE64FKD/e04.jpg?2cfc2e103d81c50c7d279e7ff071fb1a","https://eu.cdn.autosonshow.tv/1319/autoimagewithtaggingandext360/DE64FKD/e01.jpg?2cfc2e103d81c50c7d279e7ff071fb1a,https://eu.cdn.autosonshow.tv/1319/autoimagewithtaggingandext360/DE64FKD/e02.jpg?2cfc2e103d81c50c7d279e7ff071fb1a,https://eu.cdn.autosonshow.tv/1319/autoimagewithtaggingandext360/DE64FKD/e03.jpg?2cfc2e103d81c50c7d279e7ff071fb1a,https://eu.cdn.autosonshow.tv/1319/autoimagewithtaggingandext360/DE64FKD/e04.jpg?2cfc2e103d81c50c7d279e7ff071fb1a",,"{'Additional Information': {'Length': '5.32m', 'Width': '1.86m', 'Height': '1.78m', 'Imported': ''}}"
VAN & CAR AUCTION,21,Commercial Vehicle Auctions LTD,MAN TGE 3.140,DK20YZW,MAN,TGE,3.140,,Curtainside,Diesel,MANUAL,Doncaster,2026-01-22,10:00:00,2020-03-26,2020,104375,Not Warranted,Here,29/09/2026,,Plus VAT,DIRECT FINANCE,1,2.0,"*WARNING LIGHT ON DASH* TOW BAR, E/WINDOWS, AD-BLUE",https://www.cva-auctions.co.uk/motorvehicleinspectionreport/standard/10323.pdf,,,,"{'Additional Information': {'Length': '6.82m', 'Width': '2.03m', 'Height': '2.32m', 'Imported': ''}}"
VAN & CAR AUCTION,21,Commercial Vehicle Auctions LTD,VOLKSWAGEN CRAFTER 2.0 TDI 140PS Startline,DU20VCW,VOLKSWAGEN,CRAFTER,2.0 TDI 140PS Startline,,Panel Van LWB,Diesel,MANUAL,Bedford,2026-01-22,10:00:00,2020-05-06,2020,118386,Warranted,To Follow,19/05/2026,,Plus VAT,DIRECT COMPANY,,2.0,*WARNING LIGHT ON DASH* *ECU & DPS FAULT* SIDE LOADING DOOR,https://www.cva-auctions.co.uk/motorvehicleinspectionreport/standard/10100.pdf,,,,"{'Additional Information': {'Length': '6.84m', 'Width': '2.43m', 'Height': '1.96m', 'Imported': ''}}"
VAN & CAR AUCTION,21,Commercial Vehicle Auctions LTD,RENAULT MASTER LM39 DCI 100PS,FJ07PXS,RENAULT,MASTER,LM39 DCI 100PS,,Minibus,Diesel,MANUAL,Doncaster,2026-01-22,10:00:00,2007-04-25,2007,,Not Showing,Here,27/02/2026,,Plus VAT,DIRECT COUNCIL - EXTRA £150 CHARGE,1,2.5,"*NON-RUNNER - STARTS, MAJOR FUEL LEAK, PARTS STRIPPED* 15 SEATS + DRIVER, SIDE LOAD DOOR, TOW BAR, MOT MILEAGE SHOWS 46,215km 2/2/2022",https://www.cva-auctions.co.uk/motorvehicleinspectionreport/standard/9807.pdf,,,,"{'Additional Information': {'Length': '', 'Width': '', 'Height': '', 'Imported': ''}}"
VAN & CAR AUCTION,21,Commercial Vehicle Auctions LTD,MERCEDES-BENZ VITO 114 CDI PROGESSIVE,FJ20VEA,MERCEDES-BENZ,VITO,114 CDI PROGESSIVE,,Panel Van L2,Diesel,MANUAL,Bedford,2026-01-22,10:00:00,2020-08-28,2020,118706,Warranted,To Follow,27/08/2026,,Plus VAT,DIRECT LEASING COMPANY,,2.1,"*WARNING LIGHT ON DASH* TWIN SIDE LOADING DOORS, E/MIRRORS, AD BLUE",https://www.cva-auctions.co.uk/motorvehicleinspectionreport/standard/10289.pdf,,,,"{'Additional Information': {'Length': '5.14m', 'Width': '2.25m', 'Height': '1.91m', 'Imported': ''}}"
VAN & CAR AUCTION,21,Commercial Vehicle Auctions LTD,MERCEDES-BENZ VITO 114 CDI PROGRESSIVE,FJ20VFG,MERCEDES-BENZ,VITO,114 CDI PROGRESSIVE,,Panel Van L2,Diesel,MANUAL,Bedford,2026-01-22,10:00:00,2020-08-28,2020,122381,Warranted,To Follow,27/08/2026,,Plus VAT,DIRECT LEASING COMPANY,,2.1,"*WARNING LIGHT ON DASH* TWIN SIDE LOADING DOORS, AD BLUE, E/MIRRORS",https://www.cva-auctions.co.uk/motorvehicleinspectionreport/standard/10297.pdf,,,,"{'Additional Information': {'Length': '5.14m', 'Width': '2.25m', 'Height': '1.91m', 'Imported': ''}}"
VAN & CAR AUCTION,21,Commercial Vehicle Auctions LTD,MERCEDES-BENZ VITO 114 CDI PROGRESSIVE,FJ20VFP,MERCEDES-BENZ,VITO,114 CDI PROGRESSIVE,,Panel Van L2,Diesel,MANUAL,Bedford,2026-01-22,10:00:00,2020-08-21,2020,83628,Warranted,To Follow,25/06/2026,,Plus VAT,DIRECT LEASING COMPANY,,2.1,"*WARNING LIGHT ON DASH* AD-BLUE, TWIN LOADING DOORS, E/MIRRORS",https://www.cva-auctions.co.uk/motorvehicleinspectionreport/standard/10357.pdf,,,,"{'Additional Information': {'Length': '5.14m', 'Width': '2.25m', 'Height': '1.91m', 'Imported': ''}}"
VAN & CAR AUCTION,21,Commercial Vehicle Auctions LTD,RENAULT MASTER LL35 2.3 DCI 145PS ENERGY,FX24DFV,RENAULT,MASTER,LL35 2.3 DCI 145PS ENERGY,,Curtain-Sided,Diesel,MANUAL,Livingston,2026-01-22,10:00:00,2024-05-13,2024,49935,Not Warranted,Here,12/05/2027,,Plus VAT,DIRECT FINANCE COMPANY,,2.3,"*CRACKED WINDSCREEN AND N/S MIRROR GLASS MISSING, WARNING LIGHT ON DASH* AD-BLUE",https://www.cva-auctions.co.uk/motorvehicleinspectionreport/standard/7884.pdf,"https://eu.cdn.autosonshow.tv/1319/autoimagewithtaggingandext360/FX24DFV/e01.jpg?6c5f1653bc09fa52b0778b0ca51c88cc,https://eu.cdn.autosonshow.tv/1319/autoimagewithtaggingandext360/FX24DFV/e02.jpg?6c5f1653bc09fa52b0778b0ca51c88cc,https://eu.cdn.autosonshow.tv/1319/autoimagewithtaggingandext360/FX24DFV/e03.jpg?6c5f1653bc09fa52b0778b0ca51c88cc,https://eu.cdn.autosonshow.tv/1319/autoimagewithtaggingandext360/FX24DFV/e04.jpg?6c5f1653bc09fa52b0778b0ca51c88cc,https://media-player.aos.tv/latest/b953a61250cf93e3b8ff.png","https://eu.cdn.autosonshow.tv/1319/autoimagewithtaggingandext360/FX24DFV/e02.jpg?6c5f1653bc09fa52b0778b0ca51c88cc,https://eu.cdn.autosonshow.tv/1319/autoimagewithtaggingandext360/FX24DFV/e03.jpg?6c5f1653bc09fa52b0778b0ca51c88cc,https://eu.cdn.autosonshow.tv/1319/autoimagewithtaggingandext360/FX24DFV/e04.jpg?6c5f1653bc09fa52b0778b0ca51c88cc,https://media-player.aos.tv/latest/b953a61250cf93e3b8ff.png",,"{'Additional Information': {'Length': '6.32m', 'Width': '2.07m', 'Height': '2.26m', 'Imported': ''}}"
VAN & CAR AUCTION,21,Commercial Vehicle Auctions LTD,VOLKSWAGEN CRAFTER CR35 2.0 TDI 140PS,GD70GGP,VOLKSWAGEN,CRAFTER,CR35 2.0 TDI 140PS,,Panel Van LWB,Diesel,MANUAL,Bedford,2026-01-22,10:00:00,2021-01-19,2021,,Not Showing,Buyer To Apply,18/01/2026,,Plus VAT,DIRECT FINANCE,,2.0,"*NON-RUNNER, ENGINE STRIPPED* MOT SHOWS 84,619 MILES 09/01/2025, SIDE LOADING DOOR, E/MIRRORS",https://www.cva-auctions.co.uk/motorvehicleinspectionreport/standard/10318.pdf,,,,"{'Additional Information': {'Length': '6.84m', 'Width': '2.43m', 'Height': '2.59m', 'Imported': ''}}"
VAN & CAR AUCTION,21,Commercial Vehicle Auctions LTD,Toyota Corolla 2.0 VVT-I Design,GJ70LUT,Toyota,Corolla,2.0 VVT-I Design,,Hatchback,Hybrid Electric,CVT,Bedford,2026-01-22,10:00:00,2020-09-01,2020,35842,Warranted,Here,31/08/2026,,Margin,DIRECT PLANT HIRE COMPANY,4,2.0,KEYLESS IGNITION,https://www.cva-auctions.co.uk/motorvehicleinspectionreport/standard/9978.pdf,"https://eu.cdn.autosonshow.tv/1319/autoimagewithtaggingandext360/GJ70LUT/e01.jpg?d0da7d476258bb44fadcc6b5cb7d2b1d,https://eu.cdn.autosonshow.tv/1319/autoimagewithtaggingandext360/GJ70LUT/e02.jpg?d0da7d476258bb44fadcc6b5cb7d2b1d,https://eu.cdn.autosonshow.tv/1319/autoimagewithtaggingandext360/GJ70LUT/e03.jpg?d0da7d476258bb44fadcc6b5cb7d2b1d,https://eu.cdn.autosonshow.tv/1319/autoimagewithtaggingandext360/GJ70LUT/e04.jpg?d0da7d476258bb44fadcc6b5cb7d2b1d","https://eu.cdn.autosonshow.tv/1319/autoimagewithtaggingandext360/GJ70LUT/e01.jpg?d0da7d476258bb44fadcc6b5cb7d2b1d,https://eu.cdn.autosonshow.tv/1319/autoimagewithtaggingandext360/GJ70LUT/e02.jpg?d0da7d476258bb44fadcc6b5cb7d2b1d,https://eu.cdn.autosonshow.tv/1319/autoimagewithtaggingandext360/GJ70LUT/e03.jpg?d0da7d476258bb44fadcc6b5cb7d2b1d,https://eu.cdn.autosonshow.tv/1319/autoimagewithtaggingandext360/GJ70LUT/e04.jpg?d0da7d476258bb44fadcc6b5cb7d2b1d",,"{'Additional Information': {'Length': '4.37m', 'Width': '1.79m', 'Height': '1.44m', 'Imported': ''}}"
VAN & CAR AUCTION,21,Commercial Vehicle Auctions LTD,FORD TRANSIT CONNECT 200 1.0 ECOBOOST 100PS,GU68OYT,FORD,TRANSIT CONNECT,200 1.0 ECOBOOST 100PS,,Panel Van L1,Petrol,MANUAL,Bedford,2026-01-22,10:00:00,2018-10-10,2018,41505,Warranted,Here,09/10/2026,,Plus VAT,DIRECT COUNCIL,,1.0,"SIDE LOADING DOOR, ROOF RACK, E/MIRRORS",https://www.cva-auctions.co.uk/motorvehicleinspectionreport/standard/9849.pdf,"https://eu.cdn.autosonshow.tv/1319/autoimagewithtaggingandext360/GU68OYT/e01.jpg?b994f26c6a512e5b99c333e319c02634,https://eu.cdn.autosonshow.tv/1319/autoimagewithtaggingandext360/GU68OYT/e02.jpg?b994f26c6a512e5b99c333e319c02634,https://eu.cdn.autosonshow.tv/1319/autoimagewithtaggingandext360/GU68OYT/e03.jpg?b994f26c6a512e5b99c333e319c02634,https://eu.cdn.autosonshow.tv/1319/autoimagewithtaggingandext360/GU68OYT/e04.jpg?b994f26c6a512e5b99c333e319c02634,https://eu.cdn.autosonshow.tv/1319/autoimagewithtaggingandext360/GU68OYT/e05.jpg?b994f26c6a512e5b99c333e319c02634,https://eu.cdn.autosonshow.tv/1319/autoimagewithtaggingandext360/GU68OYT/e06.jpg?b994f26c6a512e5b99c333e319c02634,https://eu.cdn.autosonshow.tv/1319/autoimagewithtaggingandext360/GU68OYT/e07.jpg?b994f26c6a512e5b99c333e319c02634,https://eu.cdn.autosonshow.tv/1319/autoimagewithtaggingandext360/GU68OYT/e08.jpg?b994f26c6a512e5b99c333e319c02634,https://eu.cdn.autosonshow.tv/1319/autoimagewithtaggingandext360/GU68OYT/e09.jpg?b994f26c6a512e5b99c333e319c02634","https://eu.cdn.autosonshow.tv/1319/autoimagewithtaggingandext360/GU68OYT/e06.jpg?b994f26c6a512e5b99c333e319c02634,https://eu.cdn.autosonshow.tv/1319/autoimagewithtaggingandext360/GU68OYT/e07.jpg?b994f26c6a512e5b99c333e319c02634,https://eu.cdn.autosonshow.tv/1319/autoimagewithtaggingandext360/GU68OYT/e08.jpg?b994f26c6a512e5b99c333e319c02634,https://eu.cdn.autosonshow.tv/1319/autoimagewithtaggingandext360/GU68OYT/e09.jpg?b994f26c6a512e5b99c333e319c02634",,"{'Additional Information': {'Length': '4.43m', 'Width': '1.84m', 'Height': '1.84m', 'Imported': ''}}"
VAN & CAR AUCTION,21,Commercial Vehicle Auctions LTD,FIAT DUCATO 35 2.3 Multijet 130ps,HF67OKH,FIAT,DUCATO,35 2.3 Multijet 130ps,,Panel Van LWB,Diesel,MANUAL,Bedford,2026-01-22,10:00:00,2017-09-11,2017,145224,Warranted,To Follow,Expired,,Plus VAT,DIRECT COMPANY,,2.3,"SIDE LOADING DOOR, E/MIRRORS",https://www.cva-auctions.co.uk/motorvehicleinspectionreport/standard/10217.pdf,,,,"{'Additional Information': {'Length': '6.00m', 'Width': '2.05m', 'Height': '2.76m', 'Imported': ''}}"
VAN & CAR AUCTION,21,Commercial Vehicle Auctions LTD,FIAT DUCATO 35 2.3 Multijet 130PS,HK18NWT,FIAT,DUCATO,35 2.3 Multijet 130PS,,Panel Van,Diesel,MANUAL,Doncaster,2026-01-22,10:00:00,2018-06-14,2018,193737,Not Warranted,Buyer To Apply,Expired,,Plus VAT,DIRECT COMPANY,,2.3,"*NON-RUNNER- TURNS OVER DOES NOT START, CYLINDER HEAD REQUIRES ATTENTION* SIDE LOAD DOOR, E/MIRRORS, AD-BLUE",https://www.cva-auctions.co.uk/motorvehicleinspectionreport/standard/10215.pdf,"https://eu.cdn.autosonshow.tv/1319/autocapture/HK18NWT/01.jpg?9b8ee497b8c993e70bc251a01462fc60,https://eu.cdn.autosonshow.tv/1319/autocapture/HK18NWT/e01.jpg?9b8ee497b8c993e70bc251a01462fc60,https://eu.cdn.autosonshow.tv/1319/autocapture/HK18NWT/e02.jpg?9b8ee497b8c993e70bc251a01462fc60,https://eu.cdn.autosonshow.tv/1319/autocapture/HK18NWT/e03.jpg?9b8ee497b8c993e70bc251a01462fc60","https://eu.cdn.autosonshow.tv/1319/autocapture/HK18NWT/01.jpg?9b8ee497b8c993e70bc251a01462fc60,https://eu.cdn.autosonshow.tv/1319/autocapture/HK18NWT/e01.jpg?9b8ee497b8c993e70bc251a01462fc60,https://eu.cdn.autosonshow.tv/1319/autocapture/HK18NWT/e02.jpg?9b8ee497b8c993e70bc251a01462fc60,https://eu.cdn.autosonshow.tv/1319/autocapture/HK18NWT/e03.jpg?9b8ee497b8c993e70bc251a01462fc60",,"{'Additional Information': {'Length': '6.00m', 'Width': '2.05m', 'Height': '2.76m', 'Imported': ''}}"
VAN & CAR AUCTION,21,Commercial Vehicle Auctions LTD,VAUXHALL MOVANO F3500 2.3 CDTI,KN71FUH,VAUXHALL,MOVANO,F3500 2.3 CDTI,,Luton L3,Diesel,MANUAL,Bedford,2026-01-22,10:00:00,2021-12-21,2021,129159,Warranted,To Follow,23/12/2026,,Plus VAT,DIRECT LEASING COMPANY,,2.3,"AD BLUE, E/MIRRORS",https://www.cva-auctions.co.uk/motorvehicleinspectionreport/standard/10291.pdf,,,,"{'Additional Information': {'Length': '', 'Width': '', 'Height': '', 'Imported': ''}}"
VAN & CAR AUCTION,21,Commercial Vehicle Auctions LTD,VAUXHALL MOVANO F3500 2.3 CDTI,KN71FUW,VAUXHALL,MOVANO,F3500 2.3 CDTI,,Luton L3,Diesel,,Bedford,2026-01-22,10:00:00,2021-12-21,2021,114551,Warranted,To Follow,05/01/2027,,Plus VAT,DIRECT LEASING COMPANY,,2.3,*WARNING LIGHTS ON DASH*,https://www.cva-auctions.co.uk/motorvehicleinspectionreport/standard/10263.pdf,"https://eu.cdn.autosonshow.tv/1319/autoimagewithtaggingandext360/KN71FUW/e01.jpg?8adf51bb428a1100ecbbf1e63757bb16,https://eu.cdn.autosonshow.tv/1319/autoimagewithtaggingandext360/KN71FUW/e02.jpg?8adf51bb428a1100ecbbf1e63757bb16,https://eu.cdn.autosonshow.tv/1319/autoimagewithtaggingandext360/KN71FUW/e03.jpg?8adf51bb428a1100ecbbf1e63757bb16,https://eu.cdn.autosonshow.tv/1319/autoimagewithtaggingandext360/KN71FUW/e04.jpg?8adf51bb428a1100ecbbf1e63757bb16","https://eu.cdn.autosonshow.tv/1319/autoimagewithtaggingandext360/KN71FUW/e01.jpg?8adf51bb428a1100ecbbf1e63757bb16,https://eu.cdn.autosonshow.tv/1319/autoimagewithtaggingandext360/KN71FUW/e02.jpg?8adf51bb428a1100ecbbf1e63757bb16,https://eu.cdn.autosonshow.tv/1319/autoimagewithtaggingandext360/KN71FUW/e03.jpg?8adf51bb428a1100ecbbf1e63757bb16,https://eu.cdn.autosonshow.tv/1319/autoimagewithtaggingandext360/KN71FUW/e04.jpg?8adf51bb428a1100ecbbf1e63757bb16",,"{'Additional Information': {'Length': '', 'Width': '', 'Height': '', 'Imported': ''}}"
VAN & CAR AUCTION,21,Commercial Vehicle Auctions LTD,VAUXHALL MOVANO F3500 2.3 CDTI,KN71FVS,VAUXHALL,MOVANO,F3500 2.3 CDTI,,Luton L3,Diesel,MANUAL,Bedford,2026-01-22,10:00:00,2021-12-10,2021,79585,Warranted,To Follow,09/12/2026,,Plus VAT,DIRECT LEASING COMPANY,,2.3,"AD BLUE, E/MIRRORS",https://www.cva-auctions.co.uk/motorvehicleinspectionreport/standard/10293.pdf,,,,"{'Additional Information': {'Length': '', 'Width': '', 'Height': '', 'Imported': ''}}"
VAN & CAR AUCTION,21,Commercial Vehicle Auctions LTD,VAUXHALL MOVANO F3500 CDTI,KN71FVW,VAUXHALL,MOVANO,F3500 CDTI,,Luton LWB,Diesel,MANUAL,Livingston,2026-01-22,10:00:00,2021-12-15,2021,164824,Warranted,To Follow,14/12/2026,,Plus VAT,DIRECT LEASING COMPANY,,2.3,"LWB, HIGH ROOF, REAR VIEW CAMERA, PLASTIC LINED.",https://www.cva-auctions.co.uk/motorvehicleinspectionreport/standard/10278.pdf,"https://eu.cdn.autosonshow.tv/1319/autoimagewithtaggingandext360/KN71FVW/e01.jpg?27d1bfab1d92131d4a66ced8160e1afc,https://eu.cdn.autosonshow.tv/1319/autoimagewithtaggingandext360/KN71FVW/e02.jpg?27d1bfab1d92131d4a66ced8160e1afc,https://eu.cdn.autosonshow.tv/1319/autoimagewithtaggingandext360/KN71FVW/e03.jpg?27d1bfab1d92131d4a66ced8160e1afc,https://eu.cdn.autosonshow.tv/1319/autoimagewithtaggingandext360/KN71FVW/e04.jpg?27d1bfab1d92131d4a66ced8160e1afc","https://eu.cdn.autosonshow.tv/1319/autoimagewithtaggingandext360/KN71FVW/e01.jpg?27d1bfab1d92131d4a66ced8160e1afc,https://eu.cdn.autosonshow.tv/1319/autoimagewithtaggingandext360/KN71FVW/e02.jpg?27d1bfab1d92131d4a66ced8160e1afc,https://eu.cdn.autosonshow.tv/1319/autoimagewithtaggingandext360/KN71FVW/e03.jpg?27d1bfab1d92131d4a66ced8160e1afc,https://eu.cdn.autosonshow.tv/1319/autoimagewithtaggingandext360/KN71FVW/e04.jpg?27d1bfab1d92131d4a66ced8160e1afc",,"{'Additional Information': {'Length': '', 'Width': '', 'Height': '', 'Imported': ''}}"
VAN & CAR AUCTION,21,Commercial Vehicle Auctions LTD,VAUXHALL MOVANO F3500 2.3 CDI,KN71FWD,VAUXHALL,MOVANO,F3500 2.3 CDI,,Luton LWB,Diesel,MANUAL,Livingston,2026-01-22,10:00:00,2022-01-25,2022,114479,Warranted,To Follow,24/01/2026,,Plus VAT,DIRECT LEASING COMPANY,,2.3,"LWB, PLASTIC LINED, E/MIRRORS, REAR VIEW CAMERA.",https://www.cva-auctions.co.uk/motorvehicleinspectionreport/standard/10315.pdf,"https://eu.cdn.autosonshow.tv/1319/autoimagewithtaggingandext360/KN71FWD/e01.jpg?a55bfcb7f8013bb91fe9fc3bb3f3c1dc,https://eu.cdn.autosonshow.tv/1319/autoimagewithtaggingandext360/KN71FWD/e02.jpg?a55bfcb7f8013bb91fe9fc3bb3f3c1dc,https://eu.cdn.autosonshow.tv/1319/autoimagewithtaggingandext360/KN71FWD/e03.jpg?a55bfcb7f8013bb91fe9fc3bb3f3c1dc,https://eu.cdn.autosonshow.tv/1319/autoimagewithtaggingandext360/KN71FWD/e04.jpg?a55bfcb7f8013bb91fe9fc3bb3f3c1dc","https://eu.cdn.autosonshow.tv/1319/autoimagewithtaggingandext360/KN71FWD/e01.jpg?a55bfcb7f8013bb91fe9fc3bb3f3c1dc,https://eu.cdn.autosonshow.tv/1319/autoimagewithtaggingandext360/KN71FWD/e02.jpg?a55bfcb7f8013bb91fe9fc3bb3f3c1dc,https://eu.cdn.autosonshow.tv/1319/autoimagewithtaggingandext360/KN71FWD/e03.jpg?a55bfcb7f8013bb91fe9fc3bb3f3c1dc,https://eu.cdn.autosonshow.tv/1319/autoimagewithtaggingandext360/KN71FWD/e04.jpg?a55bfcb7f8013bb91fe9fc3bb3f3c1dc",,"{'Additional Information': {'Length': '', 'Width': '', 'Height': '', 'Imported': ''}}"
VAN & CAR AUCTION,21,Commercial Vehicle Auctions LTD,VAUXHALL MOVANO F3500 2.2 CDTI,KN71FWG,VAUXHALL,MOVANO,F3500 2.2 CDTI,,Luton LWB,Diesel,MANUAL,Livingston,2026-01-22,10:00:00,2022-01-25,2022,142802,Warranted,To Follow,24/01/2026,,Plus VAT,DIRECT LEASING COMPANY,,2.3,"*WARNING LIGHT ON DASH* E/MIRRORS, REAR VIEW CAMERA, PLASTIC LINED.",https://www.cva-auctions.co.uk/motorvehicleinspectionreport/standard/10325.pdf,"https://eu.cdn.autosonshow.tv/1319/autoimagewithtaggingandext360/KN71FWG/e01.jpg?df469eb5e6b4ac68e6db347f239b4ed6,https://eu.cdn.autosonshow.tv/1319/autoimagewithtaggingandext360/KN71FWG/e02.jpg?df469eb5e6b4ac68e6db347f239b4ed6,https://eu.cdn.autosonshow.tv/1319/autoimagewithtaggingandext360/KN71FWG/e03.jpg?df469eb5e6b4ac68e6db347f239b4ed6,https://eu.cdn.autosonshow.tv/1319/autoimagewithtaggingandext360/KN71FWG/e04.jpg?df469eb5e6b4ac68e6db347f239b4ed6,https://media-player.aos.tv/latest/b953a61250cf93e3b8ff.png","https://eu.cdn.autosonshow.tv/1319/autoimagewithtaggingandext360/KN71FWG/e02.jpg?df469eb5e6b4ac68e6db347f239b4ed6,https://eu.cdn.autosonshow.tv/1319/autoimagewithtaggingandext360/KN71FWG/e03.jpg?df469eb5e6b4ac68e6db347f239b4ed6,https://eu.cdn.autosonshow.tv/1319/autoimagewithtaggingandext360/KN71FWG/e04.jpg?df469eb5e6b4ac68e6db347f239b4ed6,https://media-player.aos.tv/latest/b953a61250cf93e3b8ff.png",,"{'Additional Information': {'Length': '', 'Width': '', 'Height': '', 'Imported': ''}}"
VAN & CAR AUCTION,21,Commercial Vehicle Auctions LTD,Mercedes-Benz Vito 111 CDI,KO19ARU,Mercedes-Benz,Vito,111 CDI,,Panel Van LWB,Diesel,MANUAL,Bedford,2026-01-22,10:00:00,2019-08-31,2019,135848,Not Warranted,Buyer To Apply,30/08/2026,,Plus VAT,DIRECT FINANCE COMPANY,1,1.6,"AD-BLUE, TWIN LOADING DOORS",https://www.cva-auctions.co.uk/motorvehicleinspectionreport/standard/10015.pdf,"https://eu.cdn.autosonshow.tv/1319/autoimagewithtaggingandext360/KO19ARU/e01.jpg?8226b5263a0321376d369ef08bb1c2e9,https://eu.cdn.autosonshow.tv/1319/autoimagewithtaggingandext360/KO19ARU/e02.jpg?8226b5263a0321376d369ef08bb1c2e9,https://eu.cdn.autosonshow.tv/1319/autoimagewithtaggingandext360/KO19ARU/e03.jpg?8226b5263a0321376d369ef08bb1c2e9,https://eu.cdn.autosonshow.tv/1319/autoimagewithtaggingandext360/KO19ARU/e04.jpg?8226b5263a0321376d369ef08bb1c2e9","https://eu.cdn.autosonshow.tv/1319/autoimagewithtaggingandext360/KO19ARU/e01.jpg?8226b5263a0321376d369ef08bb1c2e9,https://eu.cdn.autosonshow.tv/1319/autoimagewithtaggingandext360/KO19ARU/e02.jpg?8226b5263a0321376d369ef08bb1c2e9,https://eu.cdn.autosonshow.tv/1319/autoimagewithtaggingandext360/KO19ARU/e03.jpg?8226b5263a0321376d369ef08bb1c2e9,https://eu.cdn.autosonshow.tv/1319/autoimagewithtaggingandext360/KO19ARU/e04.jpg?8226b5263a0321376d369ef08bb1c2e9",,"{'Additional Information': {'Length': '5.14m', 'Width': '1.98m', 'Height': '1.91m', 'Imported': ''}}"
VAN & CAR AUCTION,21,Commercial Vehicle Auctions LTD,Mercedes-Benz Sprinter 314 CDI,KO19AVK,Mercedes-Benz,Sprinter,314 CDI,,Panel Van L2,Diesel,MANUAL,Bedford,2026-01-22,10:00:00,2019-08-31,2019,134910,Not Warranted,Buyer To Apply,30/08/2026,,Plus VAT,DIRECT FINANCE COMPANY,1,2.1,"AD-BLUE, SIDE LOADING DOOR",https://www.cva-auctions.co.uk/motorvehicleinspectionreport/standard/10014.pdf,"https://eu.cdn.autosonshow.tv/1319/autoimagewithtaggingandext360/KO19AVK/e01.jpg?9764f43f2ff9bb44c63c6fe024ac5bc3,https://eu.cdn.autosonshow.tv/1319/autoimagewithtaggingandext360/KO19AVK/e02.jpg?9764f43f2ff9bb44c63c6fe024ac5bc3,https://eu.cdn.autosonshow.tv/1319/autoimagewithtaggingandext360/KO19AVK/e03.jpg?9764f43f2ff9bb44c63c6fe024ac5bc3,https://eu.cdn.autosonshow.tv/1319/autoimagewithtaggingandext360/KO19AVK/e04.jpg?9764f43f2ff9bb44c63c6fe024ac5bc3","https://eu.cdn.autosonshow.tv/1319/autoimagewithtaggingandext360/KO19AVK/e01.jpg?9764f43f2ff9bb44c63c6fe024ac5bc3,https://eu.cdn.autosonshow.tv/1319/autoimagewithtaggingandext360/KO19AVK/e02.jpg?9764f43f2ff9bb44c63c6fe024ac5bc3,https://eu.cdn.autosonshow.tv/1319/autoimagewithtaggingandext360/KO19AVK/e03.jpg?9764f43f2ff9bb44c63c6fe024ac5bc3,https://eu.cdn.autosonshow.tv/1319/autoimagewithtaggingandext360/KO19AVK/e04.jpg?9764f43f2ff9bb44c63c6fe024ac5bc3",,"{'Additional Information': {'Length': '5.93m', 'Width': '2.35m', 'Height': '2.35m', 'Imported': ''}}"
VAN & CAR AUCTION,21,Commercial Vehicle Auctions LTD,MERCEDES-BENZ SPRINTER 314 CDI,KU20TWM,MERCEDES-BENZ,SPRINTER,314 CDI,,Luton L3,Diesel,MANUAL,Bedford,2026-01-22,10:00:00,2020-03-04,2020,128512,Not Warranted,Buyer To Apply,08/03/2026,,Plus VAT,DIRECT FINANCE COMPANY,,2.1,*WARNING LIGHT ON DASH* AD-BLUE,https://www.cva-auctions.co.uk/motorvehicleinspectionreport/standard/10018.pdf,,,,"{'Additional Information': {'Length': '5.99m', 'Width': '2.35m', 'Height': '2.31m', 'Imported': ''}}"
VAN & CAR AUCTION,21,Commercial Vehicle Auctions LTD,Mercedes-Benz Sprinter 314 CDI,KU21ZFV,Mercedes-Benz,Sprinter,314 CDI,,Luton L3,Diesel,MANUAL,Bedford,2026-01-22,10:00:00,2021-03-08,2021,101526,Not Warranted,Buyer To Apply,07/03/2026,,Plus VAT,DIRECT FINANCE COMPANY,,2.1,AD-BLUE,https://www.cva-auctions.co.uk/motorvehicleinspectionreport/standard/10017.pdf,"https://eu.cdn.autosonshow.tv/1319/autoimagewithtaggingandext360/KU21ZFV/e01.jpg?4adea2c5c851c27ca6fd589e4a15c90f,https://eu.cdn.autosonshow.tv/1319/autoimagewithtaggingandext360/KU21ZFV/e02.jpg?4adea2c5c851c27ca6fd589e4a15c90f,https://eu.cdn.autosonshow.tv/1319/autoimagewithtaggingandext360/KU21ZFV/e03.jpg?4adea2c5c851c27ca6fd589e4a15c90f,https://eu.cdn.autosonshow.tv/1319/autoimagewithtaggingandext360/KU21ZFV/e04.jpg?4adea2c5c851c27ca6fd589e4a15c90f","https://eu.cdn.autosonshow.tv/1319/autoimagewithtaggingandext360/KU21ZFV/e01.jpg?4adea2c5c851c27ca6fd589e4a15c90f,https://eu.cdn.autosonshow.tv/1319/autoimagewithtaggingandext360/KU21ZFV/e02.jpg?4adea2c5c851c27ca6fd589e4a15c90f,https://eu.cdn.autosonshow.tv/1319/autoimagewithtaggingandext360/KU21ZFV/e03.jpg?4adea2c5c851c27ca6fd589e4a15c90f,https://eu.cdn.autosonshow.tv/1319/autoimagewithtaggingandext360/KU21ZFV/e04.jpg?4adea2c5c851c27ca6fd589e4a15c90f",,"{'Additional Information': {'Length': '5.99m', 'Width': '2.35m', 'Height': '2.31m', 'Imported': ''}}"
VAN & CAR AUCTION,21,Commercial Vehicle Auctions LTD,Mercedes-Benz Sprinter 314 CDI,KX19OPB,Mercedes-Benz,Sprinter,314 CDI,,Panel Van L3,Diesel,MANUAL,Bedford,2026-01-22,10:00:00,2019-06-11,2019,165429,Not Warranted,Buyer To Apply,09/08/2026,,Plus VAT,DIRECT FINANCE COMPANY,1,2.1,*WARNING LIGHT ON DASH* *OUTSTANDING RECALL* SIDE LOADING DOOR,https://www.cva-auctions.co.uk/motorvehicleinspectionreport/standard/9766.pdf,"https://eu.cdn.autosonshow.tv/1319/autoimagewithtaggingandext360/KX19OPB/e01.jpg?2732bd1570dcaa150341442871ee9e7e,https://eu.cdn.autosonshow.tv/1319/autoimagewithtaggingandext360/KX19OPB/e02.jpg?2732bd1570dcaa150341442871ee9e7e,https://eu.cdn.autosonshow.tv/1319/autoimagewithtaggingandext360/KX19OPB/e03.jpg?2732bd1570dcaa150341442871ee9e7e,https://eu.cdn.autosonshow.tv/1319/autoimagewithtaggingandext360/KX19OPB/e04.jpg?2732bd1570dcaa150341442871ee9e7e,https://eu.cdn.autosonshow.tv/1319/autoimagewithtaggingandext360/KX19OPB/e05.jpg?2732bd1570dcaa150341442871ee9e7e,https://eu.cdn.autosonshow.tv/1319/autoimagewithtaggingandext360/KX19OPB/e06.jpg?2732bd1570dcaa150341442871ee9e7e,https://eu.cdn.autosonshow.tv/1319/autoimagewithtaggingandext360/KX19OPB/e07.jpg?2732bd1570dcaa150341442871ee9e7e,https://eu.cdn.autosonshow.tv/1319/autoimagewithtaggingandext360/KX19OPB/e08.jpg?2732bd1570dcaa150341442871ee9e7e,https://eu.cdn.autosonshow.tv/1319/autoimagewithtaggingandext360/KX19OPB/e09.jpg?2732bd1570dcaa150341442871ee9e7e,https://eu.cdn.autosonshow.tv/1319/autoimagewithtaggingandext360/KX19OPB/e10.jpg?2732bd1570dcaa150341442871ee9e7e,https://eu.cdn.autosonshow.tv/1319/autoimagewithtaggingandext360/KX19OPB/e11.jpg?2732bd1570dcaa150341442871ee9e7e,https://eu.cdn.autosonshow.tv/1319/autoimagewithtaggingandext360/KX19OPB/e12.jpg?2732bd1570dcaa150341442871ee9e7e,https://eu.cdn.autosonshow.tv/1319/autoimagewithtaggingandext360/KX19OPB/e13.jpg?2732bd1570dcaa150341442871ee9e7e,https://eu.cdn.autosonshow.tv/1319/autoimagewithtaggingandext360/KX19OPB/e14.jpg?2732bd1570dcaa150341442871ee9e7e,https://eu.cdn.autosonshow.tv/1319/autoimagewithtaggingandext360/KX19OPB/e15.jpg?2732bd1570dcaa150341442871ee9e7e,https://eu.cdn.autosonshow.tv/1319/autoimagewithtaggingandext360/KX19OPB/e16.jpg?2732bd1570dcaa150341442871ee9e7e,https://eu.cdn.autosonshow.tv/1319/autoimagewithtaggingandext360/KX19OPB/e17.jpg?2732bd1570dcaa150341442871ee9e7e,https://eu.cdn.autosonshow.tv/1319/autoimagewithtaggingandext360/KX19OPB/e18.jpg?2732bd1570dcaa150341442871ee9e7e,https://eu.cdn.autosonshow.tv/1319/autoimagewithtaggingandext360/KX19OPB/e19.jpg?2732bd1570dcaa150341442871ee9e7e","https://eu.cdn.autosonshow.tv/1319/autoimagewithtaggingandext360/KX19OPB/e16.jpg?2732bd1570dcaa150341442871ee9e7e,https://eu.cdn.autosonshow.tv/1319/autoimagewithtaggingandext360/KX19OPB/e17.jpg?2732bd1570dcaa150341442871ee9e7e,https://eu.cdn.autosonshow.tv/1319/autoimagewithtaggingandext360/KX19OPB/e18.jpg?2732bd1570dcaa150341442871ee9e7e,https://eu.cdn.autosonshow.tv/1319/autoimagewithtaggingandext360/KX19OPB/e19.jpg?2732bd1570dcaa150341442871ee9e7e",,"{'Additional Information': {'Length': '6.97m', 'Width': '2.35m', 'Height': '2.62m', 'Imported': ''}}"
VAN & CAR AUCTION,21,Commercial Vehicle Auctions LTD,HONDA CR-V 2.2 i-CTDi ES,KY08EZP,HONDA,CR-V,2.2 i-CTDi ES,,SUV,Diesel,MANUAL,Doncaster,2026-01-22,10:00:00,2008-03-18,2008,185983,Warranted,Here,05/01/2027,,Margin,,5,2.2,"*WARNING LIGHTS ON DASH, ONLY STARTS WITH EAZY START* E/MIRRORS",https://www.cva-auctions.co.uk/motorvehicleinspectionreport/standard/10269.pdf,"https://eu.cdn.autosonshow.tv/1319/autoimagewithtaggingandext360/KY08EZP/e01.jpg?c03665fcdc8baecebc87bd804e213b17,https://eu.cdn.autosonshow.tv/1319/autoimagewithtaggingandext360/KY08EZP/e02.jpg?c03665fcdc8baecebc87bd804e213b17,https://eu.cdn.autosonshow.tv/1319/autoimagewithtaggingandext360/KY08EZP/e03.jpg?c03665fcdc8baecebc87bd804e213b17,https://eu.cdn.autosonshow.tv/1319/autoimagewithtaggingandext360/KY08EZP/e04.jpg?c03665fcdc8baecebc87bd804e213b17","https://eu.cdn.autosonshow.tv/1319/autoimagewithtaggingandext360/KY08EZP/e01.jpg?c03665fcdc8baecebc87bd804e213b17,https://eu.cdn.autosonshow.tv/1319/autoimagewithtaggingandext360/KY08EZP/e02.jpg?c03665fcdc8baecebc87bd804e213b17,https://eu.cdn.autosonshow.tv/1319/autoimagewithtaggingandext360/KY08EZP/e03.jpg?c03665fcdc8baecebc87bd804e213b17,https://eu.cdn.autosonshow.tv/1319/autoimagewithtaggingandext360/KY08EZP/e04.jpg?c03665fcdc8baecebc87bd804e213b17",,"{'Additional Information': {'Length': '4.53m', 'Width': '1.82m', 'Height': '1.68m', 'Imported': ''}}"
VAN & CAR AUCTION,21,Commercial Vehicle Auctions LTD,MERCEDES-BENZ SPRINTER 314 CDI,LN69NWL,MERCEDES-BENZ,SPRINTER,314 CDI,,Panel Van L3,Diesel,MANUAL,Bedford,2026-01-22,10:00:00,2019-09-02,2019,92450,Warranted,To Follow,14/09/2026,,Plus VAT,DIRECT LEASING COMPANY,,2.1,"*WARNING LIGHT ON DASH* SIDE LOADING DOOR, AD BLUE",https://www.cva-auctions.co.uk/motorvehicleinspectionreport/standard/10299.pdf,,,,"{'Additional Information': {'Length': '6.97m', 'Width': '2.35m', 'Height': '2.62m', 'Imported': ''}}"
VAN & CAR AUCTION,21,Commercial Vehicle Auctions LTD,MERCEDES-BENZ SPRINTER 314 CDI,LO19VVK,MERCEDES-BENZ,SPRINTER,314 CDI,,Panel Van L3,Diesel,MANUAL,Bedford,2026-01-22,10:00:00,2019-06-18,2019,177318,Warranted,To Follow,19/06/2026,,Plus VAT,DIRECT LEASING COMPANY,,2.1,"AD-BLUE, SIDE LOADING DOOR",https://www.cva-auctions.co.uk/motorvehicleinspectionreport/standard/10039.pdf,"https://eu.cdn.autosonshow.tv/1319/autoimagewithtaggingandext360/LO19VVK/e01.jpg?bc5414cdbd7fd3ccd715abfe413fe16c,https://eu.cdn.autosonshow.tv/1319/autoimagewithtaggingandext360/LO19VVK/e02.jpg?bc5414cdbd7fd3ccd715abfe413fe16c,https://eu.cdn.autosonshow.tv/1319/autoimagewithtaggingandext360/LO19VVK/e03.jpg?bc5414cdbd7fd3ccd715abfe413fe16c,https://eu.cdn.autosonshow.tv/1319/autoimagewithtaggingandext360/LO19VVK/e04.jpg?bc5414cdbd7fd3ccd715abfe413fe16c","https://eu.cdn.autosonshow.tv/1319/autoimagewithtaggingandext360/LO19VVK/e01.jpg?bc5414cdbd7fd3ccd715abfe413fe16c,https://eu.cdn.autosonshow.tv/1319/autoimagewithtaggingandext360/LO19VVK/e02.jpg?bc5414cdbd7fd3ccd715abfe413fe16c,https://eu.cdn.autosonshow.tv/1319/autoimagewithtaggingandext360/LO19VVK/e03.jpg?bc5414cdbd7fd3ccd715abfe413fe16c,https://eu.cdn.autosonshow.tv/1319/autoimagewithtaggingandext360/LO19VVK/e04.jpg?bc5414cdbd7fd3ccd715abfe413fe16c",,"{'Additional Information': {'Length': '6.97m', 'Width': '2.35m', 'Height': '2.62m', 'Imported': ''}}"
VAN & CAR AUCTION,21,Commercial Vehicle Auctions LTD,NISSAN QASHQAI 1.2 DiG-T N-Tec+ 5dr Xtronic,LY65CNU,NISSAN,QASHQAI,1.2 DiG-T N-Tec+ 5dr Xtronic,,SUV,Petrol,AUTOMATIC,Doncaster,2026-01-22,10:00:00,2016-01-26,2016,63788,Warranted,Here,15/12/2026,,Margin,,5,1.2,WARNING LIGHT ON DASH* Category S Insurance Loss. Vehicle Structurally Damaged But Repairable-Insurer Decided Not to Repair. KEYLESS IGNITION,https://www.cva-auctions.co.uk/motorvehicleinspectionreport/standard/10330.pdf,,,,"{'Additional Information': {'Length': '4.38m', 'Width': '1.81m', 'Height': '1.59m', 'Imported': ''}}"
VAN & CAR AUCTION,21,Commercial Vehicle Auctions LTD,RENAULT KANGOO ML20 ZE 33 Business i-Van,MA69UPK,RENAULT,KANGOO,ML20 ZE 33 Business i-Van,,Panel Van,Electric,AUTOMATIC,Doncaster,2026-01-22,10:00:00,2019-12-09,2019,44036,Warranted,Here,29/10/2026,,Plus VAT,DIRECT COUNCIL - 30% BUYERS PREMIUM ON THIS VEHICLE,,,"*GEAR BOX REQUIRES ATTENTION* SIDE LOAD DOOR, E/MIRRORS",https://www.cva-auctions.co.uk/motorvehicleinspectionreport/standard/10205.pdf,,,,"{'Additional Information': {'Length': '4.28m', 'Width': '1.83m', 'Height': '1.84m', 'Imported': ''}}"
VAN & CAR AUCTION,21,Commercial Vehicle Auctions LTD,Ford Ranger 2.0 EcoBlue 213PS,MW20EJK,Ford,Ranger,2.0 EcoBlue 213PS,,Pickup Double Cab,Diesel,AUTOMATIC,Livingston,2026-01-22,10:00:00,2020-08-10,2020,144179,Warranted,Here,18/08/2026,,Plus VAT,DIRECT PLANT HIRE COMPANY,,2.0,"TRUCKMAN CANOPY, TOW BAR, SPARE WHEEL, E/MIRRORS, LEATHER, HEATED WINDSCREEN, AD-BLUE, LWB.",https://www.cva-auctions.co.uk/motorvehicleinspectionreport/standard/10051.pdf,"https://eu.cdn.autosonshow.tv/1319/autoimagewithtaggingandext360/MW20EJK/e01.jpg?9695f6c1fa1fff067b9571b1408c2f6f,https://eu.cdn.autosonshow.tv/1319/autoimagewithtaggingandext360/MW20EJK/e02.jpg?9695f6c1fa1fff067b9571b1408c2f6f,https://eu.cdn.autosonshow.tv/1319/autoimagewithtaggingandext360/MW20EJK/e03.jpg?9695f6c1fa1fff067b9571b1408c2f6f,https://eu.cdn.autosonshow.tv/1319/autoimagewithtaggingandext360/MW20EJK/e04.jpg?9695f6c1fa1fff067b9571b1408c2f6f","https://eu.cdn.autosonshow.tv/1319/autoimagewithtaggingandext360/MW20EJK/e01.jpg?9695f6c1fa1fff067b9571b1408c2f6f,https://eu.cdn.autosonshow.tv/1319/autoimagewithtaggingandext360/MW20EJK/e02.jpg?9695f6c1fa1fff067b9571b1408c2f6f,https://eu.cdn.autosonshow.tv/1319/autoimagewithtaggingandext360/MW20EJK/e03.jpg?9695f6c1fa1fff067b9571b1408c2f6f,https://eu.cdn.autosonshow.tv/1319/autoimagewithtaggingandext360/MW20EJK/e04.jpg?9695f6c1fa1fff067b9571b1408c2f6f",,"{'Additional Information': {'Length': '5.36m', 'Width': '2.16m', 'Height': '1.85m', 'Imported': ''}}"
VAN & CAR AUCTION,21,Commercial Vehicle Auctions LTD,VAUXHALL MOVANO R3500 2.3 CDTI 145PS,NA67KJN,VAUXHALL,MOVANO,R3500 2.3 CDTI 145PS,,Tipper L3,Diesel,MANUAL,Bedford,2026-01-22,10:00:00,2018-01-16,2018,44213,Warranted,Here,30/10/2026,,Plus VAT,DIRECT LOCAL COUNCIL,,2.3,"*WARNING LIGHTS ON DASH* TOW BAR, E/MIRRORS",https://www.cva-auctions.co.uk/motorvehicleinspectionreport/standard/9984.pdf,,,,"{'Additional Information': {'Length': '6.84m', 'Width': '2.47m', 'Height': '2.37m', 'Imported': ''}}"
VAN & CAR AUCTION,21,Commercial Vehicle Auctions LTD,VAUXHALL COMBO 2300 1.3 CDTI 95PS,NA67KKC,VAUXHALL,COMBO,2300 1.3 CDTI 95PS,,Crew Van L1,Diesel,MANUAL,Bedford,2026-01-22,10:00:00,2017-12-01,2017,88351,Warranted,Here,22/11/2026,,Plus VAT,DIRECT LOCAL COUNCIL,,1.2,"*WARNING LIGHT ON DASH* TWIN LOADING DOORS, E/MIRRORS",https://www.cva-auctions.co.uk/motorvehicleinspectionreport/standard/9983.pdf,,,,"{'Additional Information': {'Length': '4.39m', 'Width': '2.12m', 'Height': '1.85m', 'Imported': ''}}"
VAN & CAR AUCTION,21,Commercial Vehicle Auctions LTD,Ford Transit 350 2.0 TDCi 130ps,NK68PYU,Ford,Transit,350 2.0 TDCi 130ps,,Tipper,Diesel,MANUAL,Doncaster,2026-01-22,10:00:00,2018-12-31,2018,90893,Warranted,Here,Expired,,Plus VAT,DIRECT FINANCE & LEASING COMPANY,,2.0,*WARNING LIGHT ON DASH* AD-BLUE,https://www.cva-auctions.co.uk/motorvehicleinspectionreport/standard/7182.pdf,"https://eu.cdn.autosonshow.tv/1319/autoimagewithtaggingandext360/NK68PYU/e01.jpg?bc840f9545ce44d86295d591f9fddd9c,https://eu.cdn.autosonshow.tv/1319/autoimagewithtaggingandext360/NK68PYU/e02.jpg?bc840f9545ce44d86295d591f9fddd9c,https://eu.cdn.autosonshow.tv/1319/autoimagewithtaggingandext360/NK68PYU/e03.jpg?bc840f9545ce44d86295d591f9fddd9c,https://eu.cdn.autosonshow.tv/1319/autoimagewithtaggingandext360/NK68PYU/e04.jpg?bc840f9545ce44d86295d591f9fddd9c","https://eu.cdn.autosonshow.tv/1319/autoimagewithtaggingandext360/NK68PYU/e01.jpg?bc840f9545ce44d86295d591f9fddd9c,https://eu.cdn.autosonshow.tv/1319/autoimagewithtaggingandext360/NK68PYU/e02.jpg?bc840f9545ce44d86295d591f9fddd9c,https://eu.cdn.autosonshow.tv/1319/autoimagewithtaggingandext360/NK68PYU/e03.jpg?bc840f9545ce44d86295d591f9fddd9c,https://eu.cdn.autosonshow.tv/1319/autoimagewithtaggingandext360/NK68PYU/e04.jpg?bc840f9545ce44d86295d591f9fddd9c",,"{'Additional Information': {'Length': '5.57m', 'Width': '2.47m', 'Height': '2.21m', 'Imported': ''}}"
VAN & CAR AUCTION,21,Commercial Vehicle Auctions LTD,SAIC V80 2.5 L2H1,NX69SWU,SAIC,V80,2.5 L2H1,,Dropside,Diesel,MANUAL,Doncaster,2026-01-22,10:00:00,2020-02-13,2020,101102,Warranted,TBC,21/08/2026,,Plus VAT,DIRECT FROM MERCEDES-BENZ,1,2.5,E/MIRRORS,https://www.cva-auctions.co.uk/motorvehicleinspectionreport/standard/10277.pdf,,,,"{'Additional Information': {'Length': '6.00m', 'Width': '2.10m', 'Height': '2.21m', 'Imported': ''}}"
VAN & CAR AUCTION,21,Commercial Vehicle Auctions LTD,FIAT DUCATO 35 2.2 MULTIJET 140PS,PJ71WJA,FIAT,DUCATO,35 2.2 MULTIJET 140PS,,Panel Van LWB,Diesel,MANUAL,Bedford,2026-01-22,10:00:00,2022-02-01,2022,,Not Showing,Here,31/01/2026,,Plus VAT,DIRECT PLANT HIRE COMPANY,,2.2,"*NON-RUNNER, DOES NOT POWER UP, DIESEL TANK LEAKING, PARTIALLY STRIPPED* MOT SHOWS 70,866 MILES 30/01/2025, AD-BLUE, SIDE LOADING DOOR",https://www.cva-auctions.co.uk/motorvehicleinspectionreport/standard/10214.pdf,,,,"{'Additional Information': {'Length': '6.00m', 'Width': '2.05m', 'Height': '2.52m', 'Imported': ''}}"
VAN & CAR AUCTION,21,Commercial Vehicle Auctions LTD,FIAT DUCATO 35 2.3 Multijet 140PS,PK21CKL,FIAT,DUCATO,35 2.3 Multijet 140PS,,Dropside,Diesel,MANUAL,Doncaster,2026-01-22,10:00:00,2021-04-21,2021,93932,Warranted,Here,27/04/2026,,Plus VAT,DIRECT PLANT HIRE COMPANY,,2.3,"*NON-RUNNER, TURNS OVER DOES NOT START, HEAD GASKET REQUIRES REPLACEMENT*  TOW BAR, E/MIRRORS, AD-BLUE",https://www.cva-auctions.co.uk/motorvehicleinspectionreport/standard/10034.pdf,,,,"{'Additional Information': {'Length': '5.71m', 'Width': '2.05m', 'Height': '2.25m', 'Imported': ''}}"
VAN & CAR AUCTION,21,Commercial Vehicle Auctions LTD,FIAT DUCATO 2.3,PK71JFO,FIAT,DUCATO,2.3,,Dropside LWB,Diesel,MANUAL,Livingston,2026-01-22,10:00:00,2021-10-26,2021,111435,Warranted,Here,Expired,,Plus VAT,DIRECT PLANT HIRE COMPANY,,2.3,"*WARNING LIGHT ON DASH* TOW BAR, E/MIRRORS, AD BLUE.",https://www.cva-auctions.co.uk/motorvehicleinspectionreport/standard/9779.pdf,,,,"{'Additional Information': {'Length': '5.94m', 'Width': '2.05m', 'Height': '2.25m', 'Imported': ''}}"
VAN & CAR AUCTION,21,Commercial Vehicle Auctions LTD,Fiat Doblo 1.3 MULTIJET 95PS,PO68UEY,Fiat,Doblo,1.3 MULTIJET 95PS,,Panel Van L1,Diesel,MANUAL,Bedford,2026-01-22,10:00:00,2018-12-05,2018,108008,Warranted,Here,Expired,,Plus VAT,DIRECT PLANT HIRE COMPANY,,1.2,*WARNING LIGHT ON DASH* SIDE LOADING DOOR,https://www.cva-auctions.co.uk/motorvehicleinspectionreport/standard/9814.pdf,"https://eu.cdn.autosonshow.tv/1319/autoimagewithtaggingandext360/PO68UEY/e01.jpg?f69a0e8c227e587da894ea882868f58e,https://eu.cdn.autosonshow.tv/1319/autoimagewithtaggingandext360/PO68UEY/e02.jpg?f69a0e8c227e587da894ea882868f58e,https://eu.cdn.autosonshow.tv/1319/autoimagewithtaggingandext360/PO68UEY/e03.jpg?f69a0e8c227e587da894ea882868f58e,https://eu.cdn.autosonshow.tv/1319/autoimagewithtaggingandext360/PO68UEY/e04.jpg?f69a0e8c227e587da894ea882868f58e","https://eu.cdn.autosonshow.tv/1319/autoimagewithtaggingandext360/PO68UEY/e01.jpg?f69a0e8c227e587da894ea882868f58e,https://eu.cdn.autosonshow.tv/1319/autoimagewithtaggingandext360/PO68UEY/e02.jpg?f69a0e8c227e587da894ea882868f58e,https://eu.cdn.autosonshow.tv/1319/autoimagewithtaggingandext360/PO68UEY/e03.jpg?f69a0e8c227e587da894ea882868f58e,https://eu.cdn.autosonshow.tv/1319/autoimagewithtaggingandext360/PO68UEY/e04.jpg?f69a0e8c227e587da894ea882868f58e",,"{'Additional Information': {'Length': '4.41m', 'Width': '1.83m', 'Height': '1.85m', 'Imported': ''}}"
VAN & CAR AUCTION,21,Commercial Vehicle Auctions LTD,RENAULT MASTER LH35 Business 2.3 DCI 135PS,RO20URD,RENAULT,MASTER,LH35 Business 2.3 DCI 135PS,,Panel Van LWB,Diesel,MANUAL,Bedford,2026-01-22,10:00:00,2020-04-14,2020,108533,Warranted,To Follow,10/03/2026,,Plus VAT,DIRECT COMPANY,,2.3,"*WARNING LIGHTS ON DASH* SIDE LOADING DOOR, E/MIRRORS",https://www.cva-auctions.co.uk/motorvehicleinspectionreport/standard/10188.pdf,,,,"{'Additional Information': {'Length': '6.23m', 'Width': '2.07m', 'Height': '2.74m', 'Imported': ''}}"
VAN & CAR AUCTION,21,Commercial Vehicle Auctions LTD,FORD TRANSIT T280 2.2 TDCi 100PS,SD13BHO,FORD,TRANSIT,T280 2.2 TDCi 100PS,,Panel Van MWB,Diesel,MANUAL,Livingston,2026-01-22,10:00:00,2013-05-15,2013,123819,Warranted,Here,15/05/2026,,Plus VAT,"DIRECT COUNCIL - VANS EXTRA £150 CHARGE, HGV & PLANT 15% BP",,2.2,TWIN LOAD DOOR,https://www.cva-auctions.co.uk/motorvehicleinspectionreport/standard/9872.pdf,,,,"{'Additional Information': {'Length': '4.86m', 'Width': '1.97m', 'Height': '2.39m', 'Imported': ''}}"
VAN & CAR AUCTION,21,Commercial Vehicle Auctions LTD,IVECO DAILY 2.3 35.120,SJ66XAO,IVECO,DAILY,2.3 35.120,,Dropside MWB,Diesel,AUTOMATIC,Livingston,2026-01-22,10:00:00,2016-12-20,2016,98151,Warranted,To Follow,30/01/2026,,Plus VAT,DIRECT CONTRACT HIRE,,2.3,TOW BAR.,https://www.cva-auctions.co.uk/motorvehicleinspectionreport/standard/10321.pdf,,,,"{'Additional Information': {'Length': '5.91m', 'Width': '2.01m', 'Height': '2.20m', 'Imported': ''}}"
VAN & CAR AUCTION,21,Commercial Vehicle Auctions LTD,NISSAN e-NV200 80kW 40kWh,SK22FXD,NISSAN,e-NV200,80kW 40kWh,,Panel Van SWB,Electric,AUTOMATIC,Livingston,2026-01-22,10:00:00,2022-04-26,2022,35793,Warranted,Here,25/04/2026,,Plus VAT,"DIRECT COUNCIL - VANS EXTRA £150 CHARGE, HGV & PLANT 15% BP",,,"REAR DOORS INOPERABLE DUE TO DAMAGE, SIDE LOAD DOOR, REAR VIEW CAMERA.",https://www.cva-auctions.co.uk/motorvehicleinspectionreport/standard/9873.pdf,,,,"{'Additional Information': {'Length': '4.56m', 'Width': '1.76m', 'Height': '1.86m', 'Imported': ''}}"
VAN & CAR AUCTION,21,Commercial Vehicle Auctions LTD,FIAT 500 1.0 MILD DOLCEVITA,SL23PYX,FIAT,500,1.0 MILD DOLCEVITA,,Hatchback,PETROL - HYBRID,MANUAL,Doncaster,2026-01-22,10:00:00,2023-03-29,2023,13987,Warranted,Here,28/12/2026,,Margin,,2,1.0,"*WARNING LIGHT ON DASH, OUTSTANDING RECALL, Category S Insurance Loss. Vehicle Structurally Damaged But Repairable-Insurer Decided Not to Repair*",https://www.cva-auctions.co.uk/motorvehicleinspectionreport/standard/10329.pdf,,,,"{'Additional Information': {'Length': '3.57m', 'Width': '1.63m', 'Height': '1.49m', 'Imported': ''}}"
VAN & CAR AUCTION,21,Commercial Vehicle Auctions LTD,FORD TRANSIT T350I 2.2 TDCi 115PS,SP11UWY,FORD,TRANSIT,T350I 2.2 TDCi 115PS,,Crew Van LWB,Diesel,MANUAL,Livingston,2026-01-22,10:00:00,2011-03-30,2011,95402,Warranted,Here,09/03/2026,,Plus VAT,"DIRECT COUNCIL - VANS EXTRA £150 CHARGE, HGV & PLANT 15% BP",,2.2,"SIDE LOAD DOOR, ROOF RACK.",https://www.cva-auctions.co.uk/motorvehicleinspectionreport/standard/9871.pdf,,,,"{'Additional Information': {'Length': '5.68m', 'Width': '1.97m', 'Height': '2.33m', 'Imported': ''}}"
VAN & CAR AUCTION,21,Commercial Vehicle Auctions LTD,FORD TRANSIT T350i 2.2 TDCi 115PS,SP11UXS,FORD,TRANSIT,T350i 2.2 TDCi 115PS,,Crew Van LWB,Diesel,MANUAL,Livingston,2026-01-22,10:00:00,2011-03-30,2011,89864,Warranted,Here,27/02/2026,,Plus VAT,"DIRECT COUNCIL - VANS EXTRA £150 CHARGE, HGV & PLANT 15% BP",,2.2,ROOF RACK,https://www.cva-auctions.co.uk/motorvehicleinspectionreport/standard/9870.pdf,,,,"{'Additional Information': {'Length': '5.68m', 'Width': '1.97m', 'Height': '2.33m', 'Imported': ''}}"
VAN & CAR AUCTION,21,Commercial Vehicle Auctions LTD,IVECO DAILY 2.3 35.140,SP21YTL,IVECO,DAILY,2.3 35.140,,Dropside SWB,Diesel,AUTOMATIC,Livingston,2026-01-22,10:00:00,2021-03-01,2021,61427,Warranted,To Follow,01/03/2026,,Plus VAT,DIRECT CONTRACT HIRE,,2.3,"E/MIRRORS, AD-BLUE.",https://www.cva-auctions.co.uk/motorvehicleinspectionreport/standard/10322.pdf,,,,"{'Additional Information': {'Length': '6.56m', 'Width': '2.01m', 'Height': '2.24m', 'Imported': ''}}"
VAN & CAR AUCTION,21,Commercial Vehicle Auctions LTD,FORD TRANSIT 2.0 TDCi 130PS,SR19HFB,FORD,TRANSIT,2.0 TDCi 130PS,,Panel Van MWB,Diesel,MANUAL,Livingston,2026-01-22,10:00:00,2019-04-10,2019,97456,Warranted,Here,09/04/2026,,Plus VAT,"DIRECT COUNCIL - VANS EXTRA £150 CHARGE, HGV & PLANT 15% BP",,2.0,"SIDE LOAD DOOR, LEATHER, AD-BLUE.",https://www.cva-auctions.co.uk/motorvehicleinspectionreport/standard/9874.pdf,,,,"{'Additional Information': {'Length': '5.53m', 'Width': '2.47m', 'Height': '2.54m', 'Imported': ''}}"
VAN & CAR AUCTION,21,Commercial Vehicle Auctions LTD,IVECO DAILY 35.140 2.3,ST22MXC,IVECO,DAILY,35.140 2.3,,Dropside SWB,Diesel,MANUAL,Livingston,2026-01-22,10:00:00,2022-06-06,2022,90642,Warranted,To Follow,05/06/2026,,Plus VAT,DIRECT CONTRACT HIRE,,2.3,"E/MIRRORS, AD-BLUE",https://www.cva-auctions.co.uk/motorvehicleinspectionreport/standard/10326.pdf,,,,"{'Additional Information': {'Length': '5.95m', 'Width': '2.01m', 'Height': '2.25m', 'Imported': ''}}"
VAN & CAR AUCTION,21,Commercial Vehicle Auctions LTD,FORD TRANSIT T350I 2.4 TDCi 100PS,ST60HDV,FORD,TRANSIT,T350I 2.4 TDCi 100PS,,Crew Van LWB,Diesel,MANUAL,Livingston,2026-01-22,10:00:00,2010-11-24,2010,128917,Warranted,Here,Expired,,Plus VAT,"DIRECT COUNCIL - VANS EXTRA £150 CHARGE, HGV & PLANT 15% BP",,2.4,TOW BAR,https://www.cva-auctions.co.uk/motorvehicleinspectionreport/standard/9875.pdf,,,,"{'Additional Information': {'Length': '6.40m', 'Width': '1.97m', 'Height': '2.61m', 'Imported': ''}}"
VAN & CAR AUCTION,21,Commercial Vehicle Auctions LTD,FORD TRANSIT 310 2.0 TDCi 105PS,ST66VMR,FORD,TRANSIT,310 2.0 TDCi 105PS,,Panel Van MWB,Diesel,MANUAL,Livingston,2026-01-22,10:00:00,2017-02-22,2017,130835,Warranted,Here,22/02/2026,,Plus VAT,"DIRECT COUNCIL - VANS EXTRA £150 CHARGE, HGV & PLANT 15% BP",,2.0,"*SNAPPED TIMING BELT* SIDE LOAD DOOR, ROOF RACK, AD-BLUE.",https://www.cva-auctions.co.uk/motorvehicleinspectionreport/standard/9741.pdf,,,,"{'Additional Information': {'Length': '5.53m', 'Width': '2.47m', 'Height': '2.49m', 'Imported': ''}}"
VAN & CAR AUCTION,21,Commercial Vehicle Auctions LTD,Mercedes-Benz Vito 119 CDI,WF74HUK,Mercedes-Benz,Vito,119 CDI,,Crew Van L3,Diesel,AUTOMATIC,Bedford,2026-01-22,10:00:00,2025-02-03,2025,7118,Not Warranted,Here,02/02/2028,,Plus VAT,DIRECT FINANCE COMPANY,1,1.9,"AD-BLUE, E/MIRRORS, TWIN LOADING DOORS",https://www.cva-auctions.co.uk/motorvehicleinspectionreport/standard/10172.pdf,"https://eu.cdn.autosonshow.tv/1319/autoimagewithtaggingandext360/WF74HUK/e01.jpg?f9eede3089cb8fa34c66f963d0064a51,https://eu.cdn.autosonshow.tv/1319/autoimagewithtaggingandext360/WF74HUK/e02.jpg?f9eede3089cb8fa34c66f963d0064a51,https://eu.cdn.autosonshow.tv/1319/autoimagewithtaggingandext360/WF74HUK/e03.jpg?f9eede3089cb8fa34c66f963d0064a51,https://eu.cdn.autosonshow.tv/1319/autoimagewithtaggingandext360/WF74HUK/e04.jpg?f9eede3089cb8fa34c66f963d0064a51","https://eu.cdn.autosonshow.tv/1319/autoimagewithtaggingandext360/WF74HUK/e01.jpg?f9eede3089cb8fa34c66f963d0064a51,https://eu.cdn.autosonshow.tv/1319/autoimagewithtaggingandext360/WF74HUK/e02.jpg?f9eede3089cb8fa34c66f963d0064a51,https://eu.cdn.autosonshow.tv/1319/autoimagewithtaggingandext360/WF74HUK/e03.jpg?f9eede3089cb8fa34c66f963d0064a51,https://eu.cdn.autosonshow.tv/1319/autoimagewithtaggingandext360/WF74HUK/e04.jpg?f9eede3089cb8fa34c66f963d0064a51",,"{'Additional Information': {'Length': '5.37m', 'Width': '2.24m', 'Height': '1.91m', 'Imported': ''}}"
VAN & CAR AUCTION,21,Commercial Vehicle Auctions LTD,Ford Transit Custom 280 2.0 TDCI 105PS,YO19YNX,Ford,Transit Custom,280 2.0 TDCI 105PS,,Panel Van L1,Diesel,MANUAL,Bedford,2026-01-22,10:00:00,2019-07-30,2019,137496,Warranted,Here,03/09/2026,,Plus VAT,DIRECT UTILITY COMPANY - EXTRA £100 BUYERS FEE,,2.0,"AD-BLUE, SIDE LOADING DOOR",https://www.cva-auctions.co.uk/motorvehicleinspectionreport/standard/9796.pdf,"https://eu.cdn.autosonshow.tv/1319/autoimagewithtaggingandext360/YO19YNX/e01.jpg?e9db0e740cfc50553705b43c580af5be,https://eu.cdn.autosonshow.tv/1319/autoimagewithtaggingandext360/YO19YNX/e02.jpg?e9db0e740cfc50553705b43c580af5be,https://eu.cdn.autosonshow.tv/1319/autoimagewithtaggingandext360/YO19YNX/e03.jpg?e9db0e740cfc50553705b43c580af5be,https://eu.cdn.autosonshow.tv/1319/autoimagewithtaggingandext360/YO19YNX/e04.jpg?e9db0e740cfc50553705b43c580af5be","https://eu.cdn.autosonshow.tv/1319/autoimagewithtaggingandext360/YO19YNX/e01.jpg?e9db0e740cfc50553705b43c580af5be,https://eu.cdn.autosonshow.tv/1319/autoimagewithtaggingandext360/YO19YNX/e02.jpg?e9db0e740cfc50553705b43c580af5be,https://eu.cdn.autosonshow.tv/1319/autoimagewithtaggingandext360/YO19YNX/e03.jpg?e9db0e740cfc50553705b43c580af5be,https://eu.cdn.autosonshow.tv/1319/autoimagewithtaggingandext360/YO19YNX/e04.jpg?e9db0e740cfc50553705b43c580af5be",,"{'Additional Information': {'Length': '4.97m', 'Width': '2.27m', 'Height': '2.00m', 'Imported': ''}}"
VAN & CAR AUCTION,21,Commercial Vehicle Auctions LTD,Ford Transit 350 2.0 TDCI 170PS,YP18OSW,Ford,Transit,350 2.0 TDCI 170PS,,Panel Van L2,Diesel,MANUAL,Bedford,2026-01-22,10:00:00,2018-05-22,2018,106186,Not Warranted,Here,22/05/2026,,Plus VAT,DIRECT UTILITY COMPANY - EXTRA £100 BUYERS FEE,,2.0,SIDE LOADING DOOR,https://www.cva-auctions.co.uk/motorvehicleinspectionreport/standard/9797.pdf,"https://eu.cdn.autosonshow.tv/1319/autoimagewithtaggingandext360/YP18OSW/e01.jpg?72e495cbe5823fd26d1991e8076ab64f,https://eu.cdn.autosonshow.tv/1319/autoimagewithtaggingandext360/YP18OSW/e02.jpg?72e495cbe5823fd26d1991e8076ab64f,https://eu.cdn.autosonshow.tv/1319/autoimagewithtaggingandext360/YP18OSW/e03.jpg?72e495cbe5823fd26d1991e8076ab64f,https://eu.cdn.autosonshow.tv/1319/autoimagewithtaggingandext360/YP18OSW/e04.jpg?72e495cbe5823fd26d1991e8076ab64f","https://eu.cdn.autosonshow.tv/1319/autoimagewithtaggingandext360/YP18OSW/e01.jpg?72e495cbe5823fd26d1991e8076ab64f,https://eu.cdn.autosonshow.tv/1319/autoimagewithtaggingandext360/YP18OSW/e02.jpg?72e495cbe5823fd26d1991e8076ab64f,https://eu.cdn.autosonshow.tv/1319/autoimagewithtaggingandext360/YP18OSW/e03.jpg?72e495cbe5823fd26d1991e8076ab64f,https://eu.cdn.autosonshow.tv/1319/autoimagewithtaggingandext360/YP18OSW/e04.jpg?72e495cbe5823fd26d1991e8076ab64f",,"{'Additional Information': {'Length': '5.53m', 'Width': '2.47m', 'Height': '2.78m', 'Imported': ''}}"
VAN & CAR AUCTION,21,Commercial Vehicle Auctions LTD,FORD TRANSIT CUSTOM 280 2.0 TDCi 105PS BASE,YR68HZE,FORD,TRANSIT CUSTOM 280,2.0 TDCi 105PS BASE,,Panel Van SWB,Diesel,MANUAL,Livingston,2026-01-22,10:00:00,2018-09-28,2018,80243,Warranted,To Follow,10/12/2026,,Plus VAT,DIRECT UTILITY COMPANY - EXTRA £100 BUYERS FEE,,2.0,SINGLE SIDE LOAD DOOR,https://www.cva-auctions.co.uk/motorvehicleinspectionreport/standard/9982.pdf,,,,"{'Additional Information': {'Length': '4.97m', 'Width': '2.27m', 'Height': '2.00m', 'Imported': ''}}"
VAN & CAR AUCTION,21,Commercial Vehicle Auctions LTD,Ford Transit Custom 280 2.0 TDCI 105PS,YS19LVD,Ford,Transit Custom,280 2.0 TDCI 105PS,,Panel Van L1,Diesel,MANUAL,Bedford,2026-01-22,10:00:00,2019-03-18,2019,127890,Warranted,Here,17/03/2026,,Plus VAT,DIRECT UTILITY COMPANY - EXTRA £100 BUYERS FEE,1,2.0,"AD-BLUE, SIDE LOADING DOOR",https://www.cva-auctions.co.uk/motorvehicleinspectionreport/standard/9798.pdf,"https://eu.cdn.autosonshow.tv/1319/autoimagewithtaggingandext360/YS19LVD/e01.jpg?b3b0522c66c0198fa59ec0a4f016db09,https://eu.cdn.autosonshow.tv/1319/autoimagewithtaggingandext360/YS19LVD/e02.jpg?b3b0522c66c0198fa59ec0a4f016db09,https://eu.cdn.autosonshow.tv/1319/autoimagewithtaggingandext360/YS19LVD/e03.jpg?b3b0522c66c0198fa59ec0a4f016db09,https://eu.cdn.autosonshow.tv/1319/autoimagewithtaggingandext360/YS19LVD/e04.jpg?b3b0522c66c0198fa59ec0a4f016db09","https://eu.cdn.autosonshow.tv/1319/autoimagewithtaggingandext360/YS19LVD/e01.jpg?b3b0522c66c0198fa59ec0a4f016db09,https://eu.cdn.autosonshow.tv/1319/autoimagewithtaggingandext360/YS19LVD/e02.jpg?b3b0522c66c0198fa59ec0a4f016db09,https://eu.cdn.autosonshow.tv/1319/autoimagewithtaggingandext360/YS19LVD/e03.jpg?b3b0522c66c0198fa59ec0a4f016db09,https://eu.cdn.autosonshow.tv/1319/autoimagewithtaggingandext360/YS19LVD/e04.jpg?b3b0522c66c0198fa59ec0a4f016db09",,"{'Additional Information': {'Length': '4.97m', 'Width': '2.27m', 'Height': '2.00m', 'Imported': ''}}"
VAN & CAR AUCTION,21,Commercial Vehicle Auctions LTD,Ford Transit Courier 1.5 TDCI 95PS,YT18HXE,Ford,Transit Courier,1.5 TDCI 95PS,,Panel Van SWB,Diesel,MANUAL,Bedford,2026-01-22,10:00:00,2018-03-28,2018,79984,Warranted,Here,01/09/2026,,Plus VAT,DIRECT UTILITY COMPANY - EXTRA £100 BUYERS FEE,,1.5,"*OUTSTANDING RECALL* SIDE LOADING DOOR, E/MIRRORS",https://www.cva-auctions.co.uk/motorvehicleinspectionreport/standard/9795.pdf,"https://eu.cdn.autosonshow.tv/1319/autoimagewithtaggingandext360/YT18HXE/e01.jpg?2bc3a0d2f8dc4bebef087a0971617c2c,https://eu.cdn.autosonshow.tv/1319/autoimagewithtaggingandext360/YT18HXE/e02.jpg?2bc3a0d2f8dc4bebef087a0971617c2c,https://eu.cdn.autosonshow.tv/1319/autoimagewithtaggingandext360/YT18HXE/e03.jpg?2bc3a0d2f8dc4bebef087a0971617c2c,https://eu.cdn.autosonshow.tv/1319/autoimagewithtaggingandext360/YT18HXE/e04.jpg?2bc3a0d2f8dc4bebef087a0971617c2c","https://eu.cdn.autosonshow.tv/1319/autoimagewithtaggingandext360/YT18HXE/e01.jpg?2bc3a0d2f8dc4bebef087a0971617c2c,https://eu.cdn.autosonshow.tv/1319/autoimagewithtaggingandext360/YT18HXE/e02.jpg?2bc3a0d2f8dc4bebef087a0971617c2c,https://eu.cdn.autosonshow.tv/1319/autoimagewithtaggingandext360/YT18HXE/e03.jpg?2bc3a0d2f8dc4bebef087a0971617c2c,https://eu.cdn.autosonshow.tv/1319/autoimagewithtaggingandext360/YT18HXE/e04.jpg?2bc3a0d2f8dc4bebef087a0971617c2c",,"{'Additional Information': {'Length': '4.16m', 'Width': '2.06m', 'Height': '1.75m', 'Imported': ''}}"
